{
  "총_현재_진료비": 242541286027.43604,
  "총_최적_진료비": 280258849202.14294,
  "총_변화량": 37717563174.70694,
  "평균_변화율": 0.2310455541527353,
  "최고_적합도": -10000000000.0,
  "추정_완료_수": 200,
  "추정_실패_수": 0
}