연인원,category_encoded,70-79_ratio,age_group_encoded,dept_encoded,90이상,80-89_ratio,년도,top1_probability,진료비(천원),year_num,top3_probability,age_city_interaction,60-64,year_encoded,age_num,65-69,disease_encoded,65-69_ratio,top2_probability,sample_weight,59이하_ratio,59이하,70-79,age_year_interaction,60-64_ratio,90이상_ratio,age_diversity,80-89,year_trend,is_major_city,region_age_encoded,is_inpatient_x,is_inpatient_y,confidence,y_true,original_병원명,original_연령대,original_상병코드,original_진료과,original_년도,original_연인원,original_진료비(천원),encoded_disease_encoded,encoded_dept_encoded,encoded_age_group_encoded,y_pred_Original_Random Forest,y_pred_proba_Original_Random Forest,y_pred_Original_XGBoost,y_pred_proba_Original_XGBoost,y_pred_Original_LightGBM,y_pred_proba_Original_LightGBM,y_pred_Original_Neural Network,y_pred_proba_Original_Neural Network,y_pred_Original_Logistic Regression,y_pred_proba_Original_Logistic Regression,y_pred_SMOTE_Random Forest,y_pred_proba_SMOTE_Random Forest,y_pred_SMOTE_XGBoost,y_pred_proba_SMOTE_XGBoost,y_pred_SMOTE_LightGBM,y_pred_proba_SMOTE_LightGBM,y_pred_SMOTE_Neural Network,y_pred_proba_SMOTE_Neural Network,y_pred_SMOTE_Logistic Regression,y_pred_proba_SMOTE_Logistic Regression,y_pred_ADASYN_Random Forest,y_pred_proba_ADASYN_Random Forest,y_pred_ADASYN_XGBoost,y_pred_proba_ADASYN_XGBoost,y_pred_ADASYN_LightGBM,y_pred_proba_ADASYN_LightGBM,y_pred_ADASYN_Neural Network,y_pred_proba_ADASYN_Neural Network,y_pred_ADASYN_Logistic Regression,y_pred_proba_ADASYN_Logistic Regression,y_pred_RandomUnderSampler_Random Forest,y_pred_proba_RandomUnderSampler_Random Forest,y_pred_RandomUnderSampler_XGBoost,y_pred_proba_RandomUnderSampler_XGBoost,y_pred_RandomUnderSampler_LightGBM,y_pred_proba_RandomUnderSampler_LightGBM,y_pred_RandomUnderSampler_Neural Network,y_pred_proba_RandomUnderSampler_Neural Network,y_pred_RandomUnderSampler_Logistic Regression,y_pred_proba_RandomUnderSampler_Logistic Regression,y_pred_SMOTEENN_Random Forest,y_pred_proba_SMOTEENN_Random Forest,y_pred_SMOTEENN_XGBoost,y_pred_proba_SMOTEENN_XGBoost,y_pred_SMOTEENN_LightGBM,y_pred_proba_SMOTEENN_LightGBM,y_pred_SMOTEENN_Neural Network,y_pred_proba_SMOTEENN_Neural Network,y_pred_SMOTEENN_Logistic Regression,y_pred_proba_SMOTEENN_Logistic Regression,y_pred_ensemble_Voting,y_pred_proba_ensemble_Voting,y_pred_ensemble_Stacking,y_pred_proba_ensemble_Stacking,y_pred_tuned_Random Forest,y_pred_proba_tuned_Random Forest,y_pred_tuned_XGBoost,y_pred_proba_tuned_XGBoost,y_pred_tuned_LightGBM,y_pred_proba_tuned_LightGBM,y_pred_tuned_Neural Network,y_pred_proba_tuned_Neural Network,y_pred_tuned_Logistic Regression,y_pred_proba_tuned_Logistic Regression
9236.0,9,0.6764833261152013,0,10,957.0,0.115634473798181,2022,0.9939900741845534,2502313.719,0,0.0007929565488688,30,362.0,1,30,261.0,65,0.0282589865742745,0.0031424105110205,1354,0.0368124729320051,340.0,6248,0,0.0391944564746643,0.1036162841056734,2332.014551126701,1068.0,0,1,4,1,0,0.9939900741845534,1,대구,59이하,M51,재활의학과,2021,8332.0,2100664.0,65,10,0,1,[0.03 0.91 0.   0.06],1,[1.3059991e-03 9.9646640e-01 8.7144191e-04 1.3561249e-03],1,[1.53912363e-06 9.99995857e-01 7.29690516e-07 1.87404471e-06],1,[1.31517864e-08 9.99999633e-01 2.95425593e-07 5.80670774e-08],1,[7.29576874e-04 9.96020845e-01 2.20505741e-03 1.04452047e-03],1,[0.08 0.76 0.01 0.15],1,[6.3999445e-04 9.9769336e-01 8.4058399e-04 8.2599308e-04],1,[7.62272210e-07 9.99997650e-01 6.25832987e-07 9.61814102e-07],1,[1.61028897e-10 9.99999998e-01 1.73657313e-10 1.32687954e-09],1,[1.18650221e-04 9.97209618e-01 2.66561638e-03 6.11558772e-06],1,[0.03 0.91 0.   0.06],1,[1.3059991e-03 9.9646640e-01 8.7144191e-04 1.3561249e-03],1,[1.53912363e-06 9.99995857e-01 7.29690516e-07 1.87404471e-06],1,[1.31517864e-08 9.99999633e-01 2.95425593e-07 5.80670774e-08],1,[7.29576874e-04 9.96020845e-01 2.20505741e-03 1.04452047e-03],1,[0.16 0.59 0.09 0.16],1,[0.01171221 0.9614932  0.01472964 0.0120649 ],1,[0.00192829 0.9657562  0.03011552 0.00219999],1,[0.04689249 0.863368   0.00821782 0.0815217 ],1,[0.00156235 0.97426294 0.00824938 0.01592533],1,[0.08 0.89 0.   0.03],1,[7.0835085e-04 9.9726957e-01 8.0475182e-04 1.2172575e-03],1,[5.07310605e-07 9.99998316e-01 5.12928912e-07 6.63889838e-07],1,[9.24283965e-10 9.99999997e-01 1.61721203e-09 4.76032056e-10],1,[2.35736697e-04 9.96713219e-01 3.04955100e-03 1.49323051e-06],1,[7.82688456e-03 9.76615564e-01 2.18042900e-04 1.53394997e-02],1,[0.0015144  0.99498869 0.00200067 0.00149624],1,[0. 1. 0. 0.],1,[0.11746249 0.6415348  0.11697638 0.12402634],1,[1.53912363e-06 9.99995857e-01 7.29690516e-07 1.87404471e-06],1,[3.96469598e-04 9.99179207e-01 4.06323107e-04 1.79998363e-05],1,[5.88517203e-04 9.97173793e-01 2.09168667e-03 1.46002966e-04]
4330.0,4,0.4782909930715935,0,1,66.0,0.4401847575057737,2021,0.7791566874546125,1270363.0,0,0.055563916174202,30,0.0,0,30,241.0,69,0.0556581986143187,0.0935446679214047,122,0.0106235565819861,46.0,2071,0,0.0,0.0152424942263279,986.0642304975204,1906.0,0,1,4,1,0,0.7791566874546125,1,대전,59이하,M17,정형외과,2021,6078.0,1832364.0,60,12,0,1,[0.06 0.82 0.01 0.11],1,[6.2307972e-04 9.9838614e-01 4.2314277e-04 5.6759728e-04],1,[4.64930236e-06 9.99991447e-01 1.12119844e-06 2.78250036e-06],1,[4.45157311e-06 9.99972418e-01 1.86409490e-05 4.48987572e-06],1,[0.02394264 0.95509262 0.00460409 0.01636064],1,[0.11 0.71 0.03 0.15],1,[6.8905234e-04 9.9719161e-01 1.2571388e-03 8.6226221e-04],1,[4.49341750e-07 9.99998543e-01 5.05385711e-07 5.01981312e-07],1,[8.16006983e-07 9.99952797e-01 1.39568598e-05 3.24301012e-05],1,[0.05221246 0.93364826 0.00432596 0.00981332],1,[0.06 0.82 0.01 0.11],1,[6.2307972e-04 9.9838614e-01 4.2314277e-04 5.6759728e-04],1,[4.64930236e-06 9.99991447e-01 1.12119844e-06 2.78250036e-06],1,[4.45157311e-06 9.99972418e-01 1.86409490e-05 4.48987572e-06],1,[0.02394264 0.95509262 0.00460409 0.01636064],1,[0.08 0.5  0.24 0.18],1,[0.01376615 0.95940024 0.01307377 0.01375987],1,[7.92232303e-04 9.90068151e-01 8.22310375e-03 9.16513421e-04],1,[9.74343105e-04 9.91557123e-01 3.85030935e-03 3.61822475e-03],1,[0.0013095  0.93211908 0.0401177  0.02645373],1,[0.04 0.85 0.04 0.07],1,[6.1192288e-04 9.9711215e-01 1.6913256e-03 5.8462244e-04],1,[6.25171277e-07 9.99998265e-01 6.35472420e-07 4.74417241e-07],1,[7.58800229e-07 9.99974481e-01 1.38647445e-05 1.08957970e-05],1,[0.02160651 0.9663008  0.00946915 0.00262354],1,[0.01515693 0.9545944  0.00260607 0.02764259],1,[0.00170535 0.99439518 0.00216816 0.00173131],1,[0. 1. 0. 0.],1,[0.11778555 0.6397004  0.11977173 0.12274235],1,[4.64930236e-06 9.99991447e-01 1.12119844e-06 2.78250036e-06],1,[7.23915817e-04 9.97155069e-01 1.96139127e-03 1.59623525e-04],1,[0.02321385 0.96522926 0.00715401 0.00440288]
5331.0,15,0.7276308384918402,0,0,107.0,0.1093603451510035,2022,0.5528952611871295,181796.0,1,0.0764749018128559,30,131.0,1,30,349.0,77,0.0654661414368786,0.1860166213720828,282,0.0528981429375351,282.0,3879,30,0.0245732507972237,0.0200712811855186,1475.118402027444,583.0,1,1,3,0,0,0.5528952611871295,0,대전,59이하,M75,정형외과,2021,4463.0,1170617.0,67,12,0,0,[0.57 0.28 0.1  0.05],0,[9.9152958e-01 6.2005324e-03 7.9702598e-04 1.4729032e-03],0,[9.99973555e-01 1.46452731e-05 3.35292090e-06 8.44633559e-06],1,[0.2475202  0.60358884 0.12470766 0.0241833 ],1,[0.41360019 0.42474286 0.12003357 0.04162338],0,[0.41 0.39 0.15 0.05],0,[9.9707878e-01 1.5241103e-03 8.8484038e-04 5.1235175e-04],0,[9.99996481e-01 1.77748186e-06 9.03969679e-07 8.38001895e-07],1,[0.19168456 0.77176459 0.00528639 0.03126446],0,[0.35968488 0.34734053 0.27192322 0.02105136],0,[0.57 0.28 0.1  0.05],0,[9.9152958e-01 6.2005324e-03 7.9702598e-04 1.4729032e-03],0,[9.99973555e-01 1.46452731e-05 3.35292090e-06 8.44633559e-06],1,[0.2475202  0.60358884 0.12470766 0.0241833 ],1,[0.41360019 0.42474286 0.12003357 0.04162338],0,[0.52 0.14 0.33 0.01],0,[0.96427786 0.01440389 0.01016918 0.01114903],0,[9.97915123e-01 1.93987300e-03 1.40363325e-04 4.64067220e-06],2,[0.0199785  0.00118175 0.97443044 0.00440931],2,[0.26002376 0.10900708 0.59394772 0.03702145],0,[0.55 0.35 0.07 0.03],0,[9.9715352e-01 1.6170533e-03 6.0922833e-04 6.2013144e-04],0,[9.99997345e-01 9.86021254e-07 7.48640406e-07 9.20345697e-07],1,[0.22224186 0.75117424 0.00599297 0.02059093],0,[0.37139893 0.31000353 0.30477554 0.013822  ],0,[0.89037578 0.07155379 0.02520009 0.01287034],0,[0.98114489 0.00885363 0.00513693 0.00486454],0,[1. 0. 0. 0.],0,[0.5511076  0.15719832 0.16168095 0.13001314],0,[9.99973555e-01 1.46452731e-05 3.35292090e-06 8.44633559e-06],0,[0.61626153 0.28175583 0.09471805 0.00726458],0,[0.45625174 0.407313   0.13142961 0.00500565]
1800.0,14,0.7127777777777777,0,14,30.0,0.0961111111111111,2021,0.4895121704844307,61807.0,0,0.1130201403843735,30,71.0,0,30,121.0,56,0.0672222222222222,0.1656585784308111,122,0.0677777777777777,122.0,1283,0,0.0394444444444444,0.0166666666666666,484.0421469252445,173.0,0,1,5,0,0,0.4895121704844307,0,대전,59이하,S46,정형외과,2021,4194.0,1363897.0,82,12,0,0,[0.79 0.11 0.06 0.04],0,[9.9582505e-01 2.2452576e-03 8.0047885e-04 1.1292384e-03],0,[9.99997264e-01 1.43502819e-06 3.59600772e-07 9.41839560e-07],0,[9.85057416e-01 6.80846646e-03 8.12540661e-03 8.71088630e-06],0,[0.86639195 0.04650231 0.08237644 0.00472929],0,[0.77 0.17 0.05 0.01],0,[9.9825019e-01 9.5632381e-04 3.4911471e-04 4.4436986e-04],0,[9.99997713e-01 1.01140237e-06 7.88179036e-07 4.87324089e-07],0,[9.87354371e-01 1.22521751e-02 3.91926204e-04 1.52777125e-06],0,[0.76000816 0.02102206 0.21819213 0.00077765],0,[0.79 0.11 0.06 0.04],0,[9.9582505e-01 2.2452576e-03 8.0047885e-04 1.1292384e-03],0,[9.99997264e-01 1.43502819e-06 3.59600772e-07 9.41839560e-07],0,[9.85057416e-01 6.80846646e-03 8.12540661e-03 8.71088630e-06],0,[0.86639195 0.04650231 0.08237644 0.00472929],0,[0.47 0.16 0.28 0.09],0,[0.9675146  0.01404948 0.00724947 0.01118646],0,[9.98625171e-01 1.33695340e-03 3.53467850e-05 2.52849108e-06],2,[1.56705086e-01 3.86866667e-04 8.38884307e-01 4.02374126e-03],2,[0.35049823 0.01383442 0.59141533 0.04425201],0,[0.84 0.11 0.02 0.03],0,[9.9828231e-01 9.7408576e-04 2.7563085e-04 4.6798922e-04],0,[9.99998040e-01 5.96814482e-07 7.12510946e-07 6.50740564e-07],0,[9.97252969e-01 2.68204407e-03 6.14886024e-05 3.49874543e-06],0,[8.38661155e-01 1.40503696e-02 1.46557125e-01 7.31350558e-04],0,[0.94645558 0.02806167 0.01520021 0.01028255],0,[0.98683605 0.00558562 0.00395852 0.00361981],0,[1. 0. 0. 0.],0,[0.6371625  0.13038133 0.11605154 0.11640461],0,[9.99997264e-01 1.43502819e-06 3.59600772e-07 9.41839560e-07],0,[8.75106236e-01 8.17159607e-02 4.30912572e-02 8.65456862e-05],0,[7.50934116e-01 2.38633240e-02 2.24741191e-01 4.61368440e-04]
10461.0,0,0.6585412484466112,0,4,673.0,0.1809578434184112,2022,0.9897351919341348,838884.542,0,0.0009322458058779,30,270.0,1,30,557.0,31,0.0532453876302456,0.0074997007369683,100,0.0171111748398814,179.0,6889,0,0.0258101519931172,0.0643341936717331,2595.0389399775872,1893.0,0,1,4,0,0,0.9897351919341348,1,부산,59이하,I63,신경과,2021,3652.0,778332.0,31,4,0,1,[0.01 0.93 0.   0.06],1,[5.3318561e-04 9.9864501e-01 3.3605186e-04 4.8570815e-04],1,[4.41993863e-06 9.99991732e-01 1.05562167e-06 2.79272644e-06],1,[8.19634905e-02 9.17440937e-01 5.08994856e-04 8.65777959e-05],1,[0.00338648 0.99095901 0.00295223 0.00270228],1,[0.05 0.89 0.   0.06],1,[5.3373695e-04 9.9841940e-01 4.5540550e-04 5.9142034e-04],1,[9.96720797e-07 9.99997653e-01 7.53260033e-07 5.97182817e-07],1,[1.58037534e-01 8.41516407e-01 1.52408137e-04 2.93651164e-04],1,[4.59345164e-03 9.81780827e-01 1.32706697e-02 3.55051781e-04],1,[0.01 0.93 0.   0.06],1,[5.3318561e-04 9.9864501e-01 3.3605186e-04 4.8570815e-04],1,[4.41993863e-06 9.99991732e-01 1.05562167e-06 2.79272644e-06],1,[8.19634905e-02 9.17440937e-01 5.08994856e-04 8.65777959e-05],1,[0.00338648 0.99095901 0.00295223 0.00270228],1,[0.15 0.43 0.09 0.33],1,[0.00938419 0.97335714 0.00787869 0.00937991],1,[7.09713144e-04 9.91841325e-01 6.50646497e-03 9.42497009e-04],1,[0.0128939  0.98452121 0.00101619 0.0015687 ],1,[0.00340083 0.97193225 0.01203224 0.01263468],1,[0.08 0.86 0.   0.06],1,[5.1230524e-04 9.9800938e-01 3.7293075e-04 1.1054253e-03],1,[1.33087933e-06 9.99996701e-01 1.03482724e-06 9.33586813e-07],1,[5.08082514e-02 9.48571147e-01 5.47909872e-04 7.26912421e-05],1,[2.25355447e-03 9.80232876e-01 1.73573968e-02 1.56172886e-04],1,[2.63440139e-03 9.82159185e-01 8.42768705e-05 1.51221252e-02],1,[0.00144037 0.99514973 0.00195183 0.00145807],1,[0. 1. 0. 0.],1,[0.12057801 0.6415051  0.11618106 0.12173581],1,[4.41993863e-06 9.99991732e-01 1.05562167e-06 2.79272644e-06],0,[0.83781278 0.08899687 0.06886716 0.00432319],1,[3.77879059e-03 9.90252544e-01 5.41522669e-03 5.53438473e-04]
9727.0,5,0.1962578390048319,0,1,104.0,0.0287858538089853,2022,0.5528952611871295,844567720.0,0,0.0764749018128559,30,700.0,1,30,813.0,89,0.0835817826668037,0.1860166213720828,6328,0.6087180014392927,5921.0,1909,0,0.0719646345224632,0.0106918885576231,2198.8005290764017,280.0,0,1,3,0,0,0.5528952611871295,3,대전,59이하,I20,내과,2021,3598.0,3223656.0,27,1,0,3,[0.02 0.07 0.02 0.89],3,[1.2873663e-03 9.0740679e-04 1.4547231e-03 9.9635053e-01],3,[1.20189704e-06 4.69994791e-06 1.37855746e-06 9.99992720e-01],3,[1.42279790e-06 6.96526969e-06 7.41238702e-05 9.99917488e-01],3,[0.00201359 0.00336778 0.00770286 0.98691578],3,[0.06 0.09 0.01 0.84],3,[5.6173158e-04 4.8484496e-04 1.1196077e-03 9.9783379e-01],3,[6.25259362e-07 6.04410817e-07 1.19737886e-06 9.99997573e-01],3,[2.73635661e-07 5.28584612e-05 1.56884059e-08 9.99946852e-01],3,[2.28279325e-05 2.27354883e-04 1.26959103e-03 9.98480226e-01],3,[0.02 0.07 0.02 0.89],3,[1.2873663e-03 9.0740679e-04 1.4547231e-03 9.9635053e-01],3,[1.20189704e-06 4.69994791e-06 1.37855746e-06 9.99992720e-01],3,[1.42279790e-06 6.96526969e-06 7.41238702e-05 9.99917488e-01],3,[0.00201359 0.00336778 0.00770286 0.98691578],3,[0.19 0.06 0.27 0.48],3,[0.01048021 0.00723441 0.01880148 0.96348387],3,[7.92772086e-06 5.69548251e-05 8.35359226e-03 9.91581525e-01],2,[0.05181267 0.00534409 0.87341066 0.06943258],3,[0.10805417 0.00372475 0.30785637 0.58036472],3,[0.04 0.06 0.01 0.89],3,[6.9080107e-04 5.4437137e-04 1.1749107e-03 9.9758995e-01],3,[5.53679257e-07 5.44669802e-07 8.52461481e-07 9.99998049e-01],3,[7.90053018e-07 7.02127102e-06 2.79765970e-07 9.99991909e-01],3,[1.26965181e-05 6.96012649e-05 9.22537901e-04 9.98995164e-01],3,[0.00532214 0.01772803 0.00536403 0.97158581],3,[0.00289889 0.00320043 0.00622624 0.98767443],3,[0. 0. 0. 1.],3,[0.13289353 0.1356749  0.11754512 0.6138865 ],3,[1.20189704e-06 4.69994791e-06 1.37855746e-06 9.99992720e-01],3,[2.83361064e-08 1.20787781e-06 6.64958997e-06 9.99992114e-01],3,[5.32799954e-04 2.65498247e-04 1.44516849e-02 9.84750017e-01]
14961.0,9,0.7460731234543145,0,12,542.0,0.1165697480114965,2022,0.9972455496102473,2574374.0,0,0.0007331313438808,30,397.0,1,30,830.0,63,0.0554775750284071,0.0012889011889545,179,0.0191163692266559,286.0,11162,0,0.0265356593810574,0.0362275248980683,4278.985755994054,1744.0,0,1,4,0,0,0.9972455496102473,1,대전,59이하,U07,내과,2021,3593.0,1132642.0,85,1,0,1,[0.01 0.98 0.   0.01],1,[1.2900045e-03 9.9672180e-01 8.1305340e-04 1.1751361e-03],1,[1.89156962e-06 9.99995358e-01 7.50062573e-07 2.00022194e-06],1,[3.18805125e-03 9.96790815e-01 1.90703084e-05 2.06317847e-06],1,[5.13346912e-04 9.89857871e-01 8.20369625e-03 1.42508555e-03],1,[0.01 0.95 0.   0.04],1,[6.1238487e-04 9.9810672e-01 5.2251108e-04 7.5842824e-04],1,[1.05503014e-06 9.99997199e-01 9.30174689e-07 8.15564469e-07],1,[8.39463334e-04 9.99160486e-01 3.98442428e-09 4.63919807e-08],1,[1.98202562e-04 9.55942717e-01 4.38090217e-02 5.00586536e-05],1,[0.01 0.98 0.   0.01],1,[1.2900045e-03 9.9672180e-01 8.1305340e-04 1.1751361e-03],1,[1.89156962e-06 9.99995358e-01 7.50062573e-07 2.00022194e-06],1,[3.18805125e-03 9.96790815e-01 1.90703084e-05 2.06317847e-06],1,[5.13346912e-04 9.89857871e-01 8.20369625e-03 1.42508555e-03],1,[0.16 0.38 0.1  0.36],1,[0.01266952 0.9631561  0.01151067 0.01266376],1,[0.00389304 0.91216262 0.07829003 0.00565431],0,[0.77210926 0.04986216 0.05518494 0.12284363],1,[0.0040811  0.93778015 0.05262257 0.00551617],1,[0.   0.93 0.   0.07],1,[6.3357118e-04 9.9792349e-01 4.6865761e-04 9.7424473e-04],1,[1.82980795e-06 9.99995265e-01 1.41827045e-06 1.48739689e-06],1,[4.46500992e-03 9.95534823e-01 1.01367724e-07 6.57093817e-08],1,[1.48172542e-04 9.62129588e-01 3.77133719e-02 8.86785713e-06],1,[2.82297401e-03 9.94179291e-01 2.03450865e-04 2.79428407e-03],1,[0.00138201 0.99542683 0.00187633 0.00131482],1,[0. 1. 0. 0.],1,[0.12023356 0.64130235 0.11594324 0.12252089],1,[1.89156962e-06 9.99995358e-01 7.50062573e-07 2.00022194e-06],1,[4.83320144e-01 5.15596046e-01 1.03815227e-03 4.56578268e-05],1,[4.52216271e-04 9.80193452e-01 1.91033478e-02 2.50983771e-04]
4576.0,5,0.5115821678321678,0,10,0.0,0.2513111888111888,2023,0.7791477237442043,1171542.0,1,0.0470628070636061,30,260.0,2,30,364.0,92,0.0795454545454545,0.087579584172066,1012,0.1007430069930069,461.0,2341,30,0.0568181818181818,0.0,869.9774134999137,1150.0,1,1,1,1,0,0.7791477237442043,1,대전,59이하,E11,내과,2021,3531.0,634669.0,9,1,0,1,[0.03 0.84 0.03 0.1 ],1,[5.9995847e-04 9.9817014e-01 3.4321964e-04 8.8667014e-04],1,[1.32751339e-06 9.99997329e-01 3.76466740e-07 9.66840407e-07],1,[7.37308673e-07 9.99998518e-01 1.52185370e-07 5.92299445e-07],1,[0.0903365  0.88898115 0.00091251 0.01976984],1,[0.09 0.79 0.01 0.11],1,[6.8926020e-04 9.9749243e-01 5.4985302e-04 1.2684093e-03],1,[6.54512160e-07 9.99995644e-01 5.49088014e-07 3.15247602e-06],1,[4.90092190e-06 9.99992283e-01 4.75846278e-11 2.81606966e-06],1,[1.43742056e-01 8.43214065e-01 1.49239946e-04 1.28946389e-02],1,[0.03 0.84 0.03 0.1 ],1,[5.9995847e-04 9.9817014e-01 3.4321964e-04 8.8667014e-04],1,[1.32751339e-06 9.99997329e-01 3.76466740e-07 9.66840407e-07],1,[7.37308673e-07 9.99998518e-01 1.52185370e-07 5.92299445e-07],1,[0.0903365  0.88898115 0.00091251 0.01976984],1,[0.1  0.61 0.17 0.12],1,[0.01380642 0.96220696 0.0097644  0.01422218],1,[8.24959914e-04 9.95493558e-01 3.34916187e-03 3.32320187e-04],1,[2.86788713e-02 9.69105048e-01 1.59171188e-03 6.24369001e-04],1,[0.20913951 0.76576784 0.01593091 0.00916174],1,[0.04 0.78 0.05 0.13],1,[5.9315399e-04 9.9796033e-01 3.8642014e-04 1.0600688e-03],1,[2.89447623e-07 9.99997764e-01 2.98814285e-07 1.64794775e-06],1,[1.88531644e-07 9.99999415e-01 4.14245285e-11 3.95938324e-07],1,[9.83794975e-02 8.99082580e-01 2.52633631e-04 2.28528875e-03],1,[0.00765032 0.95954187 0.0075859  0.02522191],1,[0.00160906 0.99458947 0.00211773 0.00168374],1,[0. 1. 0. 0.],1,[0.12401479 0.61407137 0.12364554 0.13826834],1,[1.32751339e-06 9.99997329e-01 3.76466740e-07 9.66840407e-07],1,[8.42309663e-05 9.99887946e-01 1.92740716e-05 8.54877947e-06],1,[1.38161316e-01 8.57229762e-01 5.78861127e-05 4.55103575e-03]
3441.0,7,0.8802673641383318,0,12,0.0,0.008427782621331,2022,0.7753308173802544,1248558.0,0,0.0577814915240418,30,75.0,1,30,142.0,82,0.041267073525138,0.0753003346527039,130,0.048241790177274,166.0,3029,0,0.021795989537925,0.0,1309.6689276301856,29.0,0,1,3,1,0,0.7753308173802544,1,대전,59이하,J18,내과,2021,3336.0,1138563.0,35,1,0,1,[0.03 0.93 0.   0.04],1,[5.8268808e-04 9.9851745e-01 3.9397611e-04 5.0593156e-04],1,[6.45651699e-07 9.99998031e-01 3.77801507e-07 9.45053414e-07],1,[5.76889416e-03 9.94166423e-01 6.42059564e-05 4.76903936e-07],1,[0.05061579 0.93619094 0.0091636  0.00402967],1,[0.03 0.93 0.02 0.02],1,[5.9834844e-04 9.9803203e-01 9.1526884e-04 4.5436746e-04],1,[6.73399246e-07 9.99997197e-01 5.85869415e-07 1.54329377e-06],1,[1.05620816e-03 9.98932764e-01 1.07984044e-05 2.29823754e-07],1,[4.78939046e-02 9.35627498e-01 1.62789944e-02 1.99602995e-04],1,[0.03 0.93 0.   0.04],1,[5.8268808e-04 9.9851745e-01 3.9397611e-04 5.0593156e-04],1,[6.45651699e-07 9.99998031e-01 3.77801507e-07 9.45053414e-07],1,[5.76889416e-03 9.94166423e-01 6.42059564e-05 4.76903936e-07],1,[0.05061579 0.93619094 0.0091636  0.00402967],1,[0.26 0.37 0.27 0.1 ],1,[0.0223776  0.933093   0.0214779  0.02305146],1,[0.0017943  0.97406209 0.02303689 0.00110672],2,[0.23755791 0.22238119 0.53129831 0.00876259],1,[0.29899977 0.49812313 0.19016627 0.01271083],1,[0.05 0.9  0.03 0.02],1,[5.8518758e-04 9.9856442e-01 5.5292778e-04 2.9753678e-04],1,[5.66872686e-07 9.99997786e-01 4.67055200e-07 1.17986093e-06],1,[2.19529907e-04 9.99771224e-01 9.22627311e-06 1.99135227e-08],1,[6.12324845e-02 9.25731321e-01 1.29475668e-02 8.86273524e-05],1,[7.64583343e-03 9.82128871e-01 9.85884774e-05 1.01267192e-02],1,[0.00148027 0.99513237 0.00196135 0.001426  ],1,[0. 1. 0. 0.],1,[0.11845376 0.6439929  0.11813442 0.11941893],1,[6.45651699e-07 9.99998031e-01 3.77801507e-07 9.45053414e-07],1,[6.22984459e-04 9.99370645e-01 6.33658366e-06 3.39057100e-08],1,[4.54446571e-02 9.48073645e-01 6.26545224e-03 2.16245230e-04]
6108.0,9,0.6404715127701375,0,12,33.0,0.0481335952848723,2021,0.9970475234363806,455196.0,0,0.0007837070166724,30,359.0,0,30,617.0,67,0.1010150622134905,0.0013813790109037,328,0.1462017026850032,893.0,3912,0,0.0587753765553372,0.0054027504911591,1447.7806463687791,294.0,0,1,4,0,0,0.9970475234363806,1,대전,59이하,I50,내과,2021,2896.0,921568.0,29,1,0,1,[0.14 0.67 0.16 0.03],1,[0.00157421 0.99586236 0.00100537 0.00155804],1,[9.01152438e-07 9.99997439e-01 4.64421712e-07 1.19552380e-06],0,[6.50426425e-01 3.34879195e-01 1.46624036e-02 3.19759992e-05],0,[0.46364906 0.44547326 0.07283734 0.01804034],1,[0.12 0.53 0.23 0.12],1,[9.3839504e-04 9.9580705e-01 2.2688792e-03 9.8571926e-04],1,[4.48831902e-07 9.99998380e-01 6.99712993e-07 4.71929250e-07],0,[5.51215270e-01 2.29408712e-01 2.19206615e-01 1.69402219e-04],0,[0.58762326 0.19789212 0.21238708 0.00209754],1,[0.14 0.67 0.16 0.03],1,[0.00157421 0.99586236 0.00100537 0.00155804],1,[9.01152438e-07 9.99997439e-01 4.64421712e-07 1.19552380e-06],0,[6.50426425e-01 3.34879195e-01 1.46624036e-02 3.19759992e-05],0,[0.46364906 0.44547326 0.07283734 0.01804034],2,[0.21 0.24 0.46 0.09],1,[0.02894523 0.9136688  0.02756906 0.02981686],1,[9.91360999e-03 9.75607510e-01 1.36556073e-02 8.23272244e-04],2,[0.26187347 0.00207052 0.70831103 0.02774498],0,[0.59117464 0.07018244 0.29812616 0.04051676],1,[0.09 0.71 0.16 0.04],1,[9.5897220e-04 9.9618727e-01 2.1102210e-03 7.4352522e-04],1,[1.51145729e-06 9.99994215e-01 2.05827637e-06 2.21576372e-06],0,[3.75711594e-01 3.49255543e-01 2.74961854e-01 7.10098814e-05],0,[0.55647627 0.23846482 0.20320867 0.00185024],1,[0.03539378 0.91646495 0.04025146 0.00788981],1,[0.00219788 0.99338031 0.00252176 0.00190005],1,[0. 1. 0. 0.],1,[0.13824727 0.6119105  0.12140563 0.12843661],1,[9.01152438e-07 9.99997439e-01 4.64421712e-07 1.19552380e-06],0,[0.7793433  0.14225971 0.07654864 0.00184835],0,[0.49290891 0.43862361 0.06793222 0.00053526]
14728.0,9,0.7574008690928843,0,12,409.0,0.1131857686040195,2021,0.9972455496102473,2357131111.0,0,0.0007331313438808,30,397.0,0,30,838.0,63,0.0568984247691472,0.0012889011889545,179,0.0177892449755567,262.0,11155,0,0.0269554589896795,0.0277702335687126,4293.165762775375,1667.0,0,1,4,0,0,0.9972455496102473,3,부산,59이하,I69,신경과,2021,2759.0,600973.0,32,4,0,3,[0.   0.24 0.02 0.74],3,[0.00140362 0.00301871 0.00171991 0.9938578 ],3,[1.50356892e-06 3.82565273e-06 1.32785602e-06 9.99993343e-01],3,[4.33945710e-10 6.59988169e-16 2.09295803e-06 9.99997907e-01],3,[1.43675914e-10 1.35261262e-08 1.18686176e-03 9.98813125e-01],3,[0.01 0.35 0.   0.64],3,[4.4441366e-04 6.5621478e-04 8.3542243e-04 9.9806398e-01],3,[8.17793962e-07 6.30026357e-07 1.89836893e-06 9.99996654e-01],3,[2.97609578e-13 2.20019214e-15 8.51707204e-10 9.99999999e-01],3,[6.76130152e-15 3.55103817e-11 1.36633009e-03 9.98633670e-01],3,[0.   0.24 0.02 0.74],3,[0.00140362 0.00301871 0.00171991 0.9938578 ],3,[1.50356892e-06 3.82565273e-06 1.32785602e-06 9.99993343e-01],3,[4.33945710e-10 6.59988169e-16 2.09295803e-06 9.99997907e-01],3,[1.43675914e-10 1.35261262e-08 1.18686176e-03 9.98813125e-01],3,[0.05 0.19 0.13 0.63],3,[0.01070096 0.01615073 0.01856314 0.95458513],3,[4.19791099e-06 1.54484779e-04 5.46451692e-03 9.94376800e-01],3,[3.09072237e-04 2.13492328e-07 2.79860229e-04 9.99410854e-01],3,[8.91014551e-05 3.15938740e-03 3.78863409e-01 6.17888102e-01],3,[0.   0.27 0.   0.73],3,[4.2541084e-04 6.2331447e-04 9.4073656e-04 9.9801058e-01],3,[8.64732833e-07 5.89610459e-07 1.47017159e-06 9.99997075e-01],3,[1.12679175e-13 8.50890379e-17 5.85567697e-10 9.99999999e-01],3,[2.52908812e-16 1.87429055e-12 3.96474351e-04 9.99603526e-01],3,[3.51281387e-04 6.07556347e-02 5.43031033e-03 9.33462786e-01],3,[0.00341513 0.00454532 0.00760643 0.98443312],3,[0. 0. 0. 1.],3,[0.12245995 0.15459768 0.11824842 0.60469395],3,[1.50356892e-06 3.82565273e-06 1.32785602e-06 9.99993343e-01],3,[1.28312464e-17 1.06646686e-20 3.34546580e-10 1.00000000e+00],3,[7.53089163e-11 2.34425524e-09 2.20332626e-01 7.79667372e-01]
16286.0,9,0.7101191207171804,0,12,234.0,0.0930860862090138,2022,0.997340060483719,2476727.0,0,0.0007030929848726,30,598.0,1,30,1883.0,60,0.1156207785828318,0.001251793382787,413,0.0300871914527815,490.0,11565,0,0.0367186540587007,0.0143681689794915,4382.6931750542,1516.0,0,1,4,0,0,0.997340060483719,1,대구,59이하,M50,재활의학과,2021,2600.0,731100.0,64,10,0,1,[0.05 0.92 0.   0.03],1,[1.1130963e-03 9.9702018e-01 7.1088370e-04 1.1558187e-03],1,[1.39593215e-06 9.99996056e-01 6.95001484e-07 1.85354624e-06],1,[1.32167506e-02 9.86777739e-01 9.08936106e-07 4.60162146e-06],1,[1.46736265e-03 9.94403138e-01 8.62378479e-04 3.26712075e-03],1,[0.01 0.9  0.   0.09],1,[5.959488e-04 9.980726e-01 5.027877e-04 8.286722e-04],1,[1.17987833e-06 9.99997201e-01 7.56666780e-07 8.62763933e-07],1,[2.20496994e-02 9.77950163e-01 1.16506148e-11 1.37318590e-07],1,[6.83561301e-03 9.91202225e-01 7.97821959e-04 1.16433965e-03],1,[0.05 0.92 0.   0.03],1,[1.1130963e-03 9.9702018e-01 7.1088370e-04 1.1558187e-03],1,[1.39593215e-06 9.99996056e-01 6.95001484e-07 1.85354624e-06],1,[1.32167506e-02 9.86777739e-01 9.08936106e-07 4.60162146e-06],1,[1.46736265e-03 9.94403138e-01 8.62378479e-04 3.26712075e-03],1,[0.26 0.42 0.07 0.25],1,[0.01176921 0.96617204 0.01029487 0.01176385],1,[0.00279077 0.95173605 0.04273561 0.00273758],0,[0.98625892 0.00181856 0.00202164 0.00990088],1,[0.13860058 0.8224127  0.02770708 0.01127964],1,[0.02 0.93 0.   0.05],1,[5.9772073e-04 9.9804139e-01 4.6407190e-04 8.9682656e-04],1,[8.87280919e-07 9.99996899e-01 8.87262733e-07 1.32656598e-06],1,[1.85577174e-02 9.81442251e-01 4.65326550e-11 3.16867694e-08],1,[5.13336005e-04 9.98918734e-01 4.31064396e-04 1.36865496e-04],1,[1.27786230e-02 9.79254060e-01 1.77894676e-04 7.78941806e-03],1,[0.00153992 0.99503874 0.00199133 0.00143   ],1,[0. 1. 0. 0.],1,[0.12161084 0.64079726 0.11599047 0.12160148],1,[1.39593215e-06 9.99996056e-01 6.95001484e-07 1.85354624e-06],1,[3.95362004e-01 6.04627557e-01 7.86984612e-06 2.56878612e-06],1,[0.00191126 0.99546079 0.00101763 0.00161032]
18786.0,2,0.6653358884275524,0,1,257.0,0.0908655381667199,2021,0.7791566874546125,1767455.0,0,0.055563916174202,30,1175.0,0,30,1607.0,9,0.0855424252102629,0.0935446679214047,278,0.0820291706590013,1541.0,12499,0,0.062546577238369,0.0136804002980943,4620.036536652065,1707.0,0,1,4,0,0,0.7791566874546125,1,대전,59이하,M96,신경외과,2021,2589.0,544039.0,68,5,0,1,[0.02 0.85 0.01 0.12],1,[7.7090989e-04 9.9769968e-01 4.9234496e-04 1.0371255e-03],1,[4.86580881e-07 9.99998491e-01 2.78389149e-07 7.44304153e-07],1,[2.84770992e-02 9.71377549e-01 3.81379285e-07 1.44970696e-04],1,[6.82909281e-04 9.96186917e-01 4.80561820e-05 3.08211726e-03],1,[0.01 0.75 0.   0.24],1,[5.8148138e-04 9.9768996e-01 7.5783324e-04 9.7073859e-04],1,[9.83140647e-07 9.99996965e-01 1.03188541e-06 1.01966042e-06],1,[9.84896055e-04 9.99014826e-01 1.11704450e-13 2.78205087e-07],1,[7.41869071e-04 9.98811429e-01 1.56373109e-05 4.31064507e-04],1,[0.02 0.85 0.01 0.12],1,[7.7090989e-04 9.9769968e-01 4.9234496e-04 1.0371255e-03],1,[4.86580881e-07 9.99998491e-01 2.78389149e-07 7.44304153e-07],1,[2.84770992e-02 9.71377549e-01 3.81379285e-07 1.44970696e-04],1,[6.82909281e-04 9.96186917e-01 4.80561820e-05 3.08211726e-03],0,[0.32 0.32 0.06 0.3 ],1,[0.01267931 0.9633186  0.01094103 0.01306112],1,[0.00588976 0.89966966 0.08387352 0.01056706],3,[1.14382225e-02 6.32958187e-05 5.75199008e-06 9.88492730e-01],1,[0.38495188 0.54988207 0.00178808 0.06337797],1,[0.03 0.83 0.   0.14],1,[5.3939997e-04 9.9754333e-01 6.9696381e-04 1.2203304e-03],1,[1.12121075e-06 9.99996270e-01 1.20116361e-06 1.40716404e-06],1,[3.10657614e-03 9.96893270e-01 5.67514821e-13 1.54219231e-07],1,[4.70056022e-04 9.99099213e-01 1.71283992e-05 4.13602499e-04],1,[0.00519285 0.96192454 0.00262316 0.03025947],1,[0.001574   0.99462901 0.00209597 0.00170101],1,[0. 1. 0. 0.],1,[0.12387265 0.62429374 0.11949632 0.13233729],1,[4.86580881e-07 9.99998491e-01 2.78389149e-07 7.44304153e-07],0,[5.33153641e-01 4.66807172e-01 1.90831312e-05 2.01043008e-05],1,[6.53260172e-04 9.95925257e-01 2.62440943e-05 3.39523894e-03]
1569.0,10,0.4206500956022944,0,1,0.0,0.4933078393881453,2022,0.7215218489294294,707782784.0,2,0.0593047621694918,30,2.0,1,30,46.0,5,0.0293180369662205,0.1506655217355791,105,0.0554493307839388,87.0,660,60,0.0012746972594008,0.0,356.1099549296537,774.0,4,1,2,1,0,0.7215218489294294,3,대전,59이하,M43,정형외과,2021,2384.0,618731.0,62,12,0,3,[0.08 0.2  0.03 0.69],3,[0.00223403 0.0030344  0.00268805 0.99204355],3,[2.02200125e-06 3.39360062e-06 1.31405788e-06 9.99993270e-01],3,[9.08569777e-04 5.53187293e-06 3.64633421e-04 9.98721265e-01],3,[0.01539713 0.0026923  0.00355642 0.97835415],3,[0.11 0.17 0.11 0.61],3,[0.00168367 0.0017104  0.00187248 0.99473345],3,[1.62828296e-06 2.31225269e-06 1.67748279e-06 9.99994382e-01],3,[3.52149047e-03 2.40857581e-04 5.54129360e-09 9.96237646e-01],3,[1.46489422e-04 5.23386255e-05 4.33748439e-05 9.99757797e-01],3,[0.08 0.2  0.03 0.69],3,[0.00223403 0.0030344  0.00268805 0.99204355],3,[2.02200125e-06 3.39360062e-06 1.31405788e-06 9.99993270e-01],3,[9.08569777e-04 5.53187293e-06 3.64633421e-04 9.98721265e-01],3,[0.01539713 0.0026923  0.00355642 0.97835415],3,[0.07 0.14 0.21 0.58],3,[0.01039254 0.01133132 0.02285258 0.95542353],3,[2.51066312e-06 4.74624581e-05 3.87013809e-03 9.96079889e-01],0,[0.55828588 0.38785416 0.02151313 0.03234683],0,[0.60467409 0.02953089 0.3453476  0.02044742],3,[0.08 0.15 0.09 0.68],3,[7.1847613e-04 7.6659344e-04 8.3205150e-04 9.9768281e-01],3,[2.01141146e-06 2.53868972e-06 2.48367570e-06 9.99992966e-01],3,[8.22773466e-04 9.56866792e-06 1.23399514e-10 9.99167658e-01],3,[1.14247877e-04 2.92693620e-05 4.85280934e-05 9.99807955e-01],3,[0.02055901 0.05075945 0.00817234 0.92050921],3,[0.00401802 0.00461944 0.00816832 0.98319422],3,[0. 0. 0. 1.],3,[0.13468222 0.15223847 0.13114445 0.5819348 ],3,[2.02200125e-06 3.39360062e-06 1.31405788e-06 9.99993270e-01],3,[3.38429198e-02 1.34729381e-03 9.16886808e-04 9.63892900e-01],3,[8.91802906e-03 2.29941339e-04 1.03032265e-02 9.80548803e-01]
8154.0,5,0.165317635516311,0,1,18.0,0.0156978170223203,2021,0.5528952611871295,428460.0,0,0.0764749018128559,30,409.0,0,30,516.0,86,0.0632818248712288,0.1860166213720828,5735,0.7033357861172431,5735.0,1348,0,0.0501594309541329,0.0022075055187637,2194.369522209056,128.0,0,1,3,0,0,0.5528952611871295,1,대전,59이하,C16,내과,2021,2299.0,641863.0,2,1,0,1,[0.14 0.58 0.09 0.19],1,[0.00222802 0.9941439  0.00142294 0.00220514],1,[4.60722379e-07 9.99998563e-01 2.73608841e-07 7.02753795e-07],1,[0.01851671 0.9436388  0.02396004 0.01388445],1,[0.25615765 0.63973492 0.05781742 0.04629002],1,[0.19 0.51 0.06 0.24],1,[0.00115344 0.9948461  0.00278881 0.0012116 ],1,[3.90796420e-07 9.99998697e-01 5.03382755e-07 4.09068074e-07],3,[1.98267758e-04 4.88179299e-01 2.53360982e-03 5.09088823e-01],1,[0.16923136 0.6284855  0.17956125 0.02272189],1,[0.14 0.58 0.09 0.19],1,[0.00222802 0.9941439  0.00142294 0.00220514],1,[4.60722379e-07 9.99998563e-01 2.73608841e-07 7.02753795e-07],1,[0.01851671 0.9436388  0.02396004 0.01388445],1,[0.25615765 0.63973492 0.05781742 0.04629002],2,[0.3  0.21 0.37 0.12],1,[0.03107244 0.9077244  0.02919504 0.03200813],1,[0.01164301 0.95911107 0.02787233 0.00137359],2,[2.20575475e-03 2.11622246e-04 9.97150154e-01 4.32469017e-04],2,[0.23557729 0.00908695 0.72526882 0.03006694],1,[0.2  0.5  0.07 0.23],1,[1.1756168e-03 9.9493045e-01 2.9057167e-03 9.8819425e-04],1,[9.31688558e-07 9.99996558e-01 1.33933988e-06 1.17077953e-06],1,[0.00221506 0.6106711  0.21326472 0.17384911],1,[0.30112332 0.54515558 0.13494683 0.01877428],1,[0.03555712 0.89353562 0.0228558  0.04805146],1,[0.00239132 0.99240554 0.00272411 0.00247903],1,[0. 1. 0. 0.],1,[0.1337643  0.62469566 0.11827973 0.12326035],1,[4.60722379e-07 9.99998563e-01 2.73608841e-07 7.02753795e-07],3,[0.00393775 0.37872007 0.10287361 0.51446858],1,[0.20069597 0.67952119 0.11688502 0.00289782]
5592.0,1,0.6405579399141631,0,13,217.0,0.1246423462088698,2023,0.993633966891152,835414.156,0,0.0013976203628681,30,220.0,2,30,439.0,45,0.0785050071530758,0.0028764289605529,4853,0.0781473533619456,437.0,3582,0,0.0393419170243204,0.0388054363376251,1310.2647060804163,697.0,0,1,4,0,0,0.993633966891152,1,대전,59이하,C34,내과,2021,2173.0,859974.0,6,1,0,1,[0.07 0.8  0.02 0.11],1,[5.3306221e-04 9.9841380e-01 3.3597407e-04 7.1714295e-04],1,[7.63376240e-07 9.99997843e-01 3.80006915e-07 1.01356055e-06],1,[3.57471136e-03 9.96307452e-01 6.86628467e-05 4.91734240e-05],1,[0.21919609 0.7735209  0.00322293 0.00406008],1,[0.06 0.68 0.02 0.24],1,[5.3358340e-04 9.9813217e-01 4.4344738e-04 8.9077657e-04],1,[9.16375521e-07 9.99996941e-01 9.51069965e-07 1.19149309e-06],1,[3.10239335e-04 9.99610841e-01 1.57471378e-06 7.73445712e-05],1,[3.45912985e-01 6.51530651e-01 4.81536824e-04 2.07482695e-03],1,[0.07 0.8  0.02 0.11],1,[5.3306221e-04 9.9841380e-01 3.3597407e-04 7.1714295e-04],1,[7.63376240e-07 9.99997843e-01 3.80006915e-07 1.01356055e-06],1,[3.57471136e-03 9.96307452e-01 6.86628467e-05 4.91734240e-05],1,[0.21919609 0.7735209  0.00322293 0.00406008],1,[0.13 0.64 0.13 0.1 ],1,[0.00938049 0.97297305 0.00798351 0.00966297],1,[5.84950269e-04 9.96939615e-01 2.26200250e-03 2.13432524e-04],1,[7.18755524e-05 9.99730445e-01 1.93122201e-04 4.55720531e-06],1,[0.09420152 0.83858157 0.04442318 0.02279372],1,[0.07 0.77 0.05 0.11],1,[5.1227503e-04 9.9795061e-01 3.9773164e-04 1.1394051e-03],1,[5.30609716e-07 9.99997611e-01 6.92059473e-07 1.16656240e-06],1,[4.83906590e-04 9.99485259e-01 5.65331897e-07 3.02688008e-05],1,[0.24705536 0.7513275  0.00081035 0.00080679],1,[0.01763346 0.94960291 0.00508409 0.02767954],1,[0.00176044 0.99425899 0.00221    0.00177056],1,[0. 1. 0. 0.],1,[0.12214746 0.635434   0.11769365 0.12472488],1,[7.63376240e-07 9.99997843e-01 3.80006915e-07 1.01356055e-06],1,[8.58404722e-03 9.91181986e-01 2.29660037e-04 4.30723905e-06],1,[2.70521185e-01 7.27963053e-01 1.12058352e-03 3.95178051e-04]
5302.0,5,0.3434552998868351,0,8,805.0,0.2416069407770652,2023,0.9750604938805008,2658121.0,0,0.0030497857872953,30,328.0,2,30,728.0,93,0.1373066767257638,0.0048829338065022,591,0.0639381365522444,339.0,1821,0,0.0618634477555639,0.1518294983025273,578.3278193781332,1281.0,0,1,4,1,0,0.9750604938805008,1,대전,59이하,C22,내과,2021,2112.0,673988.0,4,1,0,1,[0.08 0.84 0.02 0.06],1,[0.00184797 0.99450123 0.00116472 0.00248612],1,[2.90108728e-06 9.99994606e-01 6.98763353e-07 1.79442576e-06],1,[6.08813822e-07 9.99994471e-01 2.72136345e-06 2.19891961e-06],1,[2.50456757e-02 9.64067626e-01 5.46304063e-04 1.03403943e-02],1,[0.13 0.78 0.   0.09],1,[8.7075500e-04 9.9667513e-01 1.0004628e-03 1.4536589e-03],1,[6.49858211e-07 9.99997684e-01 5.81005598e-07 1.08520483e-06],1,[5.87632068e-08 9.99982764e-01 1.38289856e-09 1.71758788e-05],1,[4.93229780e-02 9.48742319e-01 2.43916529e-04 1.69078623e-03],1,[0.08 0.84 0.02 0.06],1,[0.00184797 0.99450123 0.00116472 0.00248612],1,[2.90108728e-06 9.99994606e-01 6.98763353e-07 1.79442576e-06],1,[6.08813822e-07 9.99994471e-01 2.72136345e-06 2.19891961e-06],1,[2.50456757e-02 9.64067626e-01 5.46304063e-04 1.03403943e-02],1,[0.16 0.67 0.07 0.1 ],1,[0.01304945 0.9614152  0.01209294 0.01344241],1,[0.00222839 0.98518907 0.01107015 0.00151239],1,[1.32337062e-04 9.99829614e-01 1.81912673e-05 1.98574986e-05],1,[0.00883354 0.870559   0.00315153 0.11745594],1,[0.14 0.77 0.01 0.08],1,[8.6874235e-04 9.9642998e-01 1.1486833e-03 1.5525930e-03],1,[4.04426895e-07 9.99998529e-01 4.08120844e-07 6.58404416e-07],1,[1.43460818e-08 9.99997286e-01 1.64913982e-08 2.68330558e-06],1,[1.46963339e-02 9.84709388e-01 3.02724076e-04 2.91554001e-04],1,[0.02046272 0.95862396 0.00529135 0.01562198],1,[0.0017352  0.99448957 0.00215317 0.00162206],1,[0. 1. 0. 0.],1,[0.12221771 0.6224304  0.12064288 0.13470905],1,[2.90108728e-06 9.99994606e-01 6.98763353e-07 1.79442576e-06],1,[0.02182352 0.84660378 0.0107808  0.1207919 ],1,[3.58984754e-02 9.61158852e-01 1.34251060e-04 2.80842111e-03]
12812.0,4,0.692475803933812,0,1,534.0,0.1276147361848267,2022,0.7791566874546125,3035632.0,0,0.055563916174202,30,466.0,1,30,589.0,69,0.0459725257571027,0.0935446679214047,122,0.0558851077115204,716.0,8872,0,0.0363721511083359,0.0416796753044021,3328.351163364026,1635.0,0,1,4,0,0,0.7791566874546125,1,대전,59이하,S32,신경외과,2021,2040.0,432912.0,81,5,0,1,[0.03 0.93 0.01 0.03],1,[0.00165744 0.9950068  0.00110594 0.00222979],1,[1.17736042e-06 9.99996486e-01 6.57214897e-07 1.67935606e-06],1,[4.87287587e-06 9.99987594e-01 3.49369523e-06 4.03910534e-06],1,[9.74762023e-04 9.92242560e-01 4.56976536e-03 2.21291267e-03],1,[0.02 0.85 0.   0.13],1,[6.7783269e-04 9.9705398e-01 1.2179023e-03 1.0503050e-03],1,[5.89015124e-07 9.99998024e-01 6.38828338e-07 7.48654871e-07],1,[1.19133063e-06 9.99998359e-01 4.31877666e-09 4.45651710e-07],1,[3.92637191e-04 9.77850850e-01 2.16552198e-02 1.01293386e-04],1,[0.03 0.93 0.01 0.03],1,[0.00165744 0.9950068  0.00110594 0.00222979],1,[1.17736042e-06 9.99996486e-01 6.57214897e-07 1.67935606e-06],1,[4.87287587e-06 9.99987594e-01 3.49369523e-06 4.03910534e-06],1,[9.74762023e-04 9.92242560e-01 4.56976536e-03 2.21291267e-03],1,[0.21 0.35 0.12 0.32],1,[0.01400134 0.9546749  0.01690077 0.01442297],1,[0.0032378  0.83139609 0.15935678 0.00600933],3,[0.08290894 0.33939513 0.05434453 0.5233514 ],1,[0.00473615 0.92309401 0.03797827 0.03419157],1,[0.04 0.87 0.   0.09],1,[6.3321023e-04 9.9735498e-01 7.8500051e-04 1.2268792e-03],1,[9.11736413e-07 9.99997034e-01 8.73164195e-07 1.18080773e-06],1,[1.38408477e-06 9.99998184e-01 2.01216382e-07 2.31003455e-07],1,[4.73294529e-04 9.73172974e-01 2.63074695e-02 4.62614922e-05],1,[0.00791465 0.98125082 0.00277665 0.00805787],1,[0.00149173 0.99511214 0.00197101 0.00142511],1,[0. 1. 0. 0.],1,[0.12074789 0.6394699  0.11634614 0.12343608],1,[1.17736042e-06 9.99996486e-01 6.57214897e-07 1.67935606e-06],1,[8.37650176e-03 9.91370948e-01 1.96747398e-04 5.58029786e-05],1,[5.81497070e-04 9.84034929e-01 1.49569503e-02 4.26623677e-04]
2592.0,9,0.7469135802469136,0,12,0.0,0.1203703703703703,2022,0.9970475234363806,1289799.0,0,0.0007837070166724,30,11.0,1,30,297.0,67,0.1145833333333333,0.0013813790109037,328,0.0138888888888888,36.0,1936,0,0.0042438271604938,0.0,750.3761723295856,312.0,0,1,4,1,0,0.9970475234363806,1,대구,59이하,G81,재활의학과,2021,2028.0,431461.0,18,10,0,1,[0.05 0.9  0.03 0.02],1,[1.0039229e-03 9.9764156e-01 6.8177911e-04 6.7279849e-04],1,[1.81071462e-06 9.99996347e-01 5.25954192e-07 1.31583246e-06],1,[7.00896461e-05 9.99918307e-01 1.00275061e-05 1.57584480e-06],1,[0.13703431 0.84677617 0.00493115 0.01125838],1,[0.02 0.94 0.01 0.03],1,[7.5690221e-04 9.9784124e-01 8.8603573e-04 5.1579101e-04],1,[5.09319023e-07 9.99998363e-01 3.41006794e-07 7.86451250e-07],1,[1.97719572e-06 9.99997948e-01 1.41767986e-09 7.34897751e-08],1,[0.18534472 0.80789558 0.00474405 0.00201566],1,[0.05 0.9  0.03 0.02],1,[1.0039229e-03 9.9764156e-01 6.8177911e-04 6.7279849e-04],1,[1.81071462e-06 9.99996347e-01 5.25954192e-07 1.31583246e-06],1,[7.00896461e-05 9.99918307e-01 1.00275061e-05 1.57584480e-06],1,[0.13703431 0.84677617 0.00493115 0.01125838],1,[0.1  0.6  0.21 0.09],1,[0.02028025 0.9399246  0.01952418 0.02027101],1,[1.70044170e-03 9.88862339e-01 8.86188662e-03 5.75332492e-04],1,[0.0030052  0.86758044 0.12834602 0.00106833],1,[0.14573893 0.67877732 0.15570165 0.0197821 ],1,[0.01 0.95 0.03 0.01],1,[7.4132998e-04 9.9812776e-01 8.2878990e-04 3.0207980e-04],1,[7.56385570e-07 9.99997172e-01 6.40455400e-07 1.43105919e-06],1,[5.64251148e-06 9.99994186e-01 3.04153978e-09 1.68600736e-07],1,[0.14356224 0.84931305 0.00622145 0.00090326],1,[0.01275143 0.97440948 0.00767058 0.00516853],1,[0.00156735 0.99496068 0.00202499 0.00144698],1,[0. 1. 0. 0.],1,[0.1187115  0.6449201  0.11684841 0.11951997],1,[1.81071462e-06 9.99996347e-01 5.25954192e-07 1.31583246e-06],1,[1.00742927e-03 9.98982506e-01 9.63416441e-06 4.30316096e-07],1,[0.14488398 0.8496567  0.00376596 0.00169336]
4590.0,9,0.6623093681917211,0,12,28.0,0.1699346405228758,2021,0.997340060483719,1393238.0,0,0.0007030929848726,30,237.0,0,30,442.0,60,0.0962962962962963,0.001251793382787,413,0.0137254901960784,63.0,3040,0,0.0516339869281045,0.0061002178649237,1148.471680103606,780.0,0,1,4,1,0,0.997340060483719,1,인천,59이하,N40,비뇨의학과,2021,38146.0,2862117.0,72,2,0,1,[0.05 0.8  0.04 0.11],1,[4.6019271e-04 9.9874228e-01 2.7260158e-04 5.2494096e-04],1,[1.42618721e-06 9.99996819e-01 4.78599148e-07 1.27641173e-06],1,[1.40442582e-05 9.99974108e-01 9.31761556e-06 2.53052261e-06],1,[0.09175359 0.89001863 0.00350456 0.01472322],1,[0.03 0.81 0.02 0.14],1,[5.8085518e-04 9.9815077e-01 5.4574595e-04 7.2263816e-04],1,[4.16901569e-07 9.99998542e-01 5.78013685e-07 4.63120331e-07],1,[1.69438901e-06 9.99997824e-01 3.87639925e-08 4.43279100e-07],1,[0.14464857 0.85083536 0.00249119 0.00202488],1,[0.05 0.8  0.04 0.11],1,[4.6019271e-04 9.9874228e-01 2.7260158e-04 5.2494096e-04],1,[1.42618721e-06 9.99996819e-01 4.78599148e-07 1.27641173e-06],1,[1.40442582e-05 9.99974108e-01 9.31761556e-06 2.53052261e-06],1,[0.09175359 0.89001863 0.00350456 0.01472322],1,[0.1  0.59 0.15 0.16],1,[0.01282816 0.96601737 0.00833217 0.01282232],1,[3.70471396e-04 9.98085493e-01 1.29141766e-03 2.52617997e-04],3,[0.13655018 0.33450907 0.04385094 0.48508982],1,[0.11226279 0.76883896 0.04943429 0.06946396],1,[0.03 0.86 0.03 0.08],1,[5.1830168e-04 9.9846077e-01 3.2445381e-04 6.9649593e-04],1,[4.83341503e-07 9.99998080e-01 7.04967350e-07 7.32122095e-07],1,[6.91691739e-07 9.99999173e-01 6.40358671e-08 7.17099860e-08],1,[1.02796718e-01 8.93383304e-01 2.95205459e-03 8.67923406e-04],1,[0.0126154  0.94968478 0.01006827 0.02763155],1,[0.00171301 0.99431328 0.00219954 0.00177416],1,[0. 1. 0. 0.],1,[0.11821749 0.6389224  0.11772697 0.12513316],1,[1.42618721e-06 9.99996819e-01 4.78599148e-07 1.27641173e-06],1,[6.01603107e-03 9.93836319e-01 1.19505176e-04 2.81449364e-05],1,[1.11415492e-01 8.86428161e-01 5.68921043e-04 1.58742610e-03]
2589.0,9,0.9011201235998456,0,5,0.0,0.0088837388953263,2021,0.9831721622908682,544039.0,0,0.0015641931818948,30,0.0,0,30,49.0,68,0.018926226342217,0.0093488879425567,184,0.071069911162611,184.0,2333,0,0.0,0.0,934.0793863478629,23.0,0,1,3,1,0,0.9831721622908682,1,대전,59이하,E11,내과,2021,25010.0,2335613.0,9,1,0,1,[0.07 0.82 0.04 0.07],1,[1.2763661e-03 9.9675238e-01 8.6299609e-04 1.1082321e-03],1,[1.49247833e-06 9.99996834e-01 4.77983329e-07 1.19575388e-06],1,[1.47827795e-01 5.63117127e-01 2.88847896e-01 2.07181822e-04],1,[0.09038228 0.85588365 0.04558318 0.00815089],1,[0.07 0.8  0.08 0.05],1,[9.2243258e-04 9.9634796e-01 2.0291416e-03 7.0046692e-04],1,[3.37948715e-07 9.99998264e-01 5.68918663e-07 8.29579322e-07],2,[3.02498000e-02 3.11843636e-01 6.57884640e-01 2.19239576e-05],1,[1.28808245e-01 7.13358632e-01 1.57385222e-01 4.47901135e-04],1,[0.07 0.82 0.04 0.07],1,[1.2763661e-03 9.9675238e-01 8.6299609e-04 1.1082321e-03],1,[1.49247833e-06 9.99996834e-01 4.77983329e-07 1.19575388e-06],1,[1.47827795e-01 5.63117127e-01 2.88847896e-01 2.07181822e-04],1,[0.09038228 0.85588365 0.04558318 0.00815089],1,[0.31 0.34 0.28 0.07],1,[0.02531245 0.9159889  0.03262392 0.02607469],1,[0.01866376 0.93741458 0.04249011 0.00143155],2,[5.22524396e-04 4.14513928e-04 9.98852750e-01 2.10212127e-04],2,[0.13561119 0.40184103 0.44821763 0.01433015],1,[0.07 0.8  0.1  0.03],1,[9.0104179e-04 9.9668115e-01 1.9595956e-03 4.5813172e-04],1,[8.99992246e-07 9.99996556e-01 9.62294392e-07 1.58155535e-06],2,[1.89765249e-02 2.90744936e-01 6.90271686e-01 6.85275203e-06],1,[1.33868357e-01 7.28657577e-01 1.37188646e-01 2.85420250e-04],1,[0.01781946 0.9541873  0.01021587 0.01777736],1,[0.00173602 0.99441574 0.00217961 0.00166863],1,[0. 1. 0. 0.],1,[0.11913507 0.63853884 0.12172247 0.1206036 ],1,[1.49247833e-06 9.99996834e-01 4.77983329e-07 1.19575388e-06],1,[5.35882853e-03 9.93621955e-01 1.01817266e-03 1.04406078e-06],1,[8.03367896e-02 8.37534684e-01 8.18336686e-02 2.94858250e-04]
2343.0,9,0.7093469910371318,0,12,0.0,0.0128040973111395,2022,0.9970475234363806,832322.192,0,0.0007837070166724,30,227.0,1,30,307.0,67,0.1310285958173282,0.0013813790109037,328,0.0499359795134443,117.0,1662,0,0.096884336320956,0.0,633.6670261264981,30.0,0,1,4,1,0,0.9970475234363806,1,대전,59이하,U07,내과,2021,22080.0,1626120.0,85,1,0,1,[0.06 0.75 0.04 0.15],1,[9.6668059e-04 9.9743724e-01 6.3927326e-04 9.5675013e-04],1,[1.81071818e-06 9.99996361e-01 5.12394399e-07 1.31576900e-06],1,[5.40608587e-03 9.94564715e-01 1.78778752e-05 1.13208649e-05],1,[0.23046306 0.75296147 0.00093306 0.01564242],1,[0.05 0.8  0.   0.15],1,[7.3612219e-04 9.9802327e-01 6.1299326e-04 6.2760542e-04],1,[4.55048521e-07 9.99998297e-01 3.05621871e-07 9.42554404e-07],1,[6.48897618e-03 9.93472168e-01 4.73389966e-09 3.88509398e-05],1,[2.52139968e-01 7.45821259e-01 6.18092495e-04 1.42068065e-03],1,[0.06 0.75 0.04 0.15],1,[9.6668059e-04 9.9743724e-01 6.3927326e-04 9.5675013e-04],1,[1.81071818e-06 9.99996361e-01 5.12394399e-07 1.31576900e-06],1,[5.40608587e-03 9.94564715e-01 1.78778752e-05 1.13208649e-05],1,[0.23046306 0.75296147 0.00093306 0.01564242],1,[0.19 0.48 0.14 0.19],1,[0.0197594  0.9455232  0.01436295 0.02035442],1,[1.05403596e-03 9.94936543e-01 3.61170890e-03 3.97711973e-04],3,[0.02958714 0.11003608 0.00564758 0.85472919],1,[0.37131076 0.42117427 0.0167376  0.19077736],1,[0.05 0.86 0.01 0.08],1,[7.1811141e-04 9.9830866e-01 4.1650372e-04 5.5677723e-04],1,[7.37522090e-07 9.99996535e-01 5.73212902e-07 2.15377253e-06],1,[4.36292871e-03 9.95612368e-01 4.80138778e-09 2.46985660e-05],1,[2.68434671e-01 7.29992717e-01 5.02492510e-04 1.07011939e-03],1,[0.01524212 0.9368584  0.01015995 0.03773952],1,[0.00182272 0.99391343 0.0023043  0.00195955],1,[0. 1. 0. 0.],1,[0.12490777 0.62305653 0.12140433 0.1306314 ],1,[1.81071818e-06 9.99996361e-01 5.12394399e-07 1.31576900e-06],1,[9.39775036e-03 9.90592949e-01 5.32343840e-06 3.97766696e-06],1,[2.33158057e-01 7.64647722e-01 3.66880285e-05 2.15753286e-03]
5862.0,10,0.7482088024564995,0,2,224.0,0.1608665984305697,2023,0.9970726043454436,1292832649.0,0,0.0004910558563646,30,130.0,2,30,167.0,7,0.02848857045377,0.0005612678977857,23,0.0020470829068577,12.0,4386,0,0.0221767314909587,0.0382122142613442,1702.596840123933,943.0,0,1,4,0,0,0.9970726043454436,3,대전,59이하,I10,내과,2021,19397.0,1222231.0,26,1,0,3,[0.   0.18 0.02 0.8 ],3,[0.00127058 0.00235714 0.00209535 0.99427694],3,[1.14562878e-06 4.07748451e-06 1.42110859e-06 9.99993356e-01],3,[1.96040104e-08 8.62809498e-11 1.29514790e-05 9.99987029e-01],3,[9.97950456e-05 6.97499626e-05 4.88376065e-03 9.94946694e-01],3,[0.02 0.2  0.07 0.71],3,[5.0424569e-04 7.2460296e-04 8.4198150e-04 9.9792922e-01],3,[6.25154341e-07 5.94932370e-07 1.32454244e-06 9.99997455e-01],3,[3.75309358e-10 1.15270893e-09 6.47324202e-07 9.99999351e-01],3,[1.75608425e-07 7.63120821e-07 1.07185645e-03 9.98927205e-01],3,[0.   0.18 0.02 0.8 ],3,[0.00127058 0.00235714 0.00209535 0.99427694],3,[1.14562878e-06 4.07748451e-06 1.42110859e-06 9.99993356e-01],3,[1.96040104e-08 8.62809498e-11 1.29514790e-05 9.99987029e-01],3,[9.97950456e-05 6.97499626e-05 4.88376065e-03 9.94946694e-01],3,[0.04 0.25 0.21 0.5 ],3,[0.01065032 0.01673908 0.02254325 0.95006734],3,[3.18979231e-06 9.95387590e-05 6.04651112e-03 9.93850760e-01],3,[0.00313428 0.09308818 0.13619774 0.7675798 ],3,[0.00494652 0.02048705 0.13656503 0.83800141],3,[0.   0.2  0.07 0.73],3,[5.8319216e-04 8.0604950e-04 1.5865080e-03 9.9702424e-01],3,[6.08385908e-07 9.30632061e-07 1.27064417e-06 9.99997190e-01],3,[5.40534649e-10 2.66178130e-10 5.27248753e-07 9.99999472e-01],3,[2.02127725e-08 7.80171740e-08 3.63171220e-04 9.99636731e-01],3,[3.17932016e-04 4.55903050e-02 5.52419343e-03 9.48567574e-01],3,[0.00317123 0.00399036 0.00703693 0.98580148],3,[0. 0. 0. 1.],3,[0.12375796 0.15496844 0.11983619 0.6014374 ],3,[1.14562878e-06 4.07748451e-06 1.42110859e-06 9.99993356e-01],3,[1.27946736e-09 1.32056339e-11 4.40898002e-07 9.99999558e-01],3,[5.52732404e-05 1.34393869e-06 2.83461091e-02 9.71597274e-01]
1800.0,7,0.4138888888888888,0,12,173.0,0.45,2022,0.7791566874546125,510754842.0,0,0.055563916174202,30,0.0,1,30,24.0,83,0.0133333333333333,0.0935446679214047,14,0.0266666666666666,48.0,745,0,0.0,0.0961111111111111,375.2156713145121,810.0,0,1,4,1,0,0.7791566874546125,3,대전,59이하,M48,정형외과,2021,17974.0,3357376.0,63,12,0,3,[0.   0.19 0.05 0.76],3,[0.0016085  0.00207843 0.00244456 0.9938685 ],3,[2.32974950e-06 4.29165403e-06 5.83691857e-06 9.99987542e-01],3,[0.04418021 0.00931975 0.21454433 0.73195571],3,[0.09905681 0.13651085 0.28419826 0.48023407],3,[0.03 0.13 0.15 0.69],3,[5.1751750e-04 5.1164144e-04 1.0289940e-03 9.9794179e-01],3,[1.39120343e-06 1.43753902e-06 2.45138581e-06 9.99994720e-01],3,[1.07371460e-04 1.26177312e-03 5.55753878e-03 9.93073317e-01],3,[0.02272973 0.06920383 0.27097975 0.6370867 ],3,[0.   0.19 0.05 0.76],3,[0.0016085  0.00207843 0.00244456 0.9938685 ],3,[2.32974950e-06 4.29165403e-06 5.83691857e-06 9.99987542e-01],3,[0.04418021 0.00931975 0.21454433 0.73195571],3,[0.09905681 0.13651085 0.28419826 0.48023407],3,[0.08 0.25 0.3  0.37],3,[0.01066974 0.01163357 0.02589702 0.95179963],3,[4.69977514e-06 1.24284864e-04 8.55298779e-03 9.91318028e-01],2,[0.0429746  0.1895932  0.63743707 0.12999513],2,[0.01774559 0.23938611 0.62303423 0.11983407],3,[0.   0.13 0.16 0.71],3,[6.6121347e-04 6.6549698e-04 1.0420915e-03 9.9763119e-01],3,[6.68176010e-07 1.05481942e-06 9.36930220e-07 9.99997340e-01],3,[8.04516481e-04 2.73328891e-03 2.06031879e-02 9.75859007e-01],2,[0.02366453 0.08007302 0.62610165 0.2701608 ],3,[4.02708171e-04 4.80206795e-02 1.31135552e-02 9.38463062e-01],3,[0.00331109 0.0041985  0.00735225 0.98513816],3,[0. 0. 0. 1.],3,[0.11826655 0.14200224 0.11743956 0.6222916 ],3,[2.32974950e-06 4.29165403e-06 5.83691857e-06 9.99987542e-01],3,[0.01471044 0.09821023 0.30592623 0.5811531 ],3,[0.01454536 0.01204297 0.19754698 0.77586469]
420.0,7,0.55,0,12,132.0,0.1357142857142857,2023,0.7791566874546125,112976.226,0,0.055563916174202,30,0.0,2,30,0.0,83,0.0,0.0935446679214047,14,0.0,0.0,231,0,0.0,0.3142857142857143,94.4817442684035,57.0,0,1,4,1,0,0.7791566874546125,0,대전,59이하,M17,정형외과,2021,17668.0,2027268.0,60,12,0,0,[0.98 0.   0.02 0.  ],0,[9.9604791e-01 2.1097485e-03 1.0775685e-03 7.6480710e-04],0,[9.99995594e-01 2.56572688e-06 5.32929569e-07 1.30752941e-06],0,[9.99209880e-01 7.88317472e-04 4.01429879e-07 1.40068078e-06],0,[0.71939025 0.25826053 0.01917979 0.00316943],0,[0.97 0.01 0.02 0.  ],0,[9.9809307e-01 8.2681747e-04 7.5049937e-04 3.2960935e-04],0,[9.99997485e-01 1.09983668e-06 7.48270310e-07 6.66572859e-07],0,[9.99701243e-01 2.98581494e-04 2.23925295e-11 1.75901922e-07],0,[7.93762113e-01 1.97510637e-01 8.14549027e-03 5.81760015e-04],0,[0.98 0.   0.02 0.  ],0,[9.9604791e-01 2.1097485e-03 1.0775685e-03 7.6480710e-04],0,[9.99995594e-01 2.56572688e-06 5.32929569e-07 1.30752941e-06],0,[9.99209880e-01 7.88317472e-04 4.01429879e-07 1.40068078e-06],0,[0.71939025 0.25826053 0.01917979 0.00316943],0,[0.68 0.12 0.15 0.05],0,[0.96057594 0.01494203 0.01370534 0.01077666],0,[9.97069020e-01 2.84005596e-03 8.67513434e-05 4.17230940e-06],0,[9.98804392e-01 3.01303600e-04 1.36798876e-05 8.80624274e-04],0,[0.75109516 0.11183143 0.11936468 0.01770873],0,[0.99 0.   0.01 0.  ],0,[9.9806637e-01 8.2114001e-04 8.7938830e-04 2.3305537e-04],0,[9.99995919e-01 2.68037889e-06 8.47169135e-07 5.53153318e-07],0,[9.99951343e-01 4.86467868e-05 5.57679036e-12 1.06165784e-08],0,[7.18000711e-01 2.78106100e-01 3.72710461e-03 1.66084101e-04],0,[9.94010877e-01 5.28078568e-04 5.26952536e-03 1.91528658e-04],0,[0.99019184 0.00391723 0.00318714 0.00270378],0,[1. 0. 0. 0.],0,[0.6579423  0.1128688  0.11400981 0.11517909],0,[9.99995594e-01 2.56572688e-06 5.32929569e-07 1.30752941e-06],0,[9.58686644e-01 4.13093463e-02 3.74827060e-06 2.61608556e-07],0,[6.90480630e-01 2.80799318e-01 2.84834885e-02 2.36562688e-04]
10702.0,0,0.6151186694075874,0,1,598.0,0.1429639319753317,2022,0.5374829263762158,805298.0,0,0.1191672890059485,30,608.0,1,30,866.0,26,0.080919454307606,0.2019080907581446,2288,0.0483087273406839,517.0,6583,0,0.0568118108764716,0.0558774060923191,2380.441191600134,1530.0,0,1,4,0,0,0.5374829263762158,1,대전,59이하,I20,내과,2021,15411.0,1605526.0,27,1,0,1,[0.01 0.88 0.   0.11],1,[5.3306221e-04 9.9841380e-01 3.3597407e-04 7.1714295e-04],1,[8.77516234e-07 9.99997631e-01 4.06788217e-07 1.08495481e-06],1,[1.07975810e-06 9.99952663e-01 8.36697062e-08 4.61739880e-05],1,[4.59804560e-03 9.91484529e-01 1.81381164e-04 3.73604468e-03],1,[0.01 0.87 0.   0.12],1,[5.3358340e-04 9.9813217e-01 4.4344738e-04 8.9077657e-04],1,[9.84204104e-07 9.99997402e-01 7.41920774e-07 8.71994826e-07],1,[7.77168352e-06 9.99844620e-01 1.12479852e-10 1.47608564e-04],1,[5.34539402e-03 9.93229355e-01 3.93707165e-05 1.38588014e-03],1,[0.01 0.88 0.   0.11],1,[5.3306221e-04 9.9841380e-01 3.3597407e-04 7.1714295e-04],1,[8.77516234e-07 9.99997631e-01 4.06788217e-07 1.08495481e-06],1,[1.07975810e-06 9.99952663e-01 8.36697062e-08 4.61739880e-05],1,[4.59804560e-03 9.91484529e-01 1.81381164e-04 3.73604468e-03],1,[0.29 0.31 0.13 0.27],1,[0.01011498 0.97097313 0.00849224 0.01041957],1,[6.13085113e-04 9.90825324e-01 7.89020671e-03 6.71384451e-04],1,[1.35421356e-03 8.06067638e-01 3.01822060e-04 1.92276327e-01],1,[0.05497287 0.75952373 0.00359519 0.1819082 ],1,[0.01 0.87 0.   0.12],1,[5.1222596e-04 9.9785489e-01 3.9769351e-04 1.2351599e-03],1,[7.17054960e-07 9.99997527e-01 7.46179265e-07 1.00985541e-06],1,[6.01315962e-06 9.99975276e-01 8.15862886e-10 1.87096942e-05],1,[4.10731465e-03 9.94393386e-01 6.79906753e-05 1.43130830e-03],1,[2.63348493e-03 9.69602858e-01 8.40952135e-05 2.76795570e-02],1,[0.00150824 0.9948299  0.00203644 0.00162541],1,[0. 1. 0. 0.],1,[0.12566763 0.6159004  0.12108076 0.13735123],1,[8.77516234e-07 9.99997631e-01 4.06788217e-07 1.08495481e-06],1,[1.80324005e-03 9.97953150e-01 5.49883265e-05 1.88621139e-04],1,[2.32643236e-03 9.95598834e-01 1.15677152e-04 1.95905644e-03]
5843.0,8,0.5647783672770836,0,4,708.0,0.2779394146842375,2022,0.6668076717710475,551397.0,0,0.0504546029467553,30,46.0,1,30,164.0,14,0.0280677734040732,0.20502499181028,0,0.0001711449597809,1.0,3300,0,0.0078726681499229,0.1211706315249016,1293.6417458735114,1624.0,0,1,2,0,0,0.6668076717710475,1,대전,59이하,N18,내과,2021,14458.0,3125036.0,69,1,0,1,[0.06 0.8  0.03 0.11],1,[7.7632163e-04 9.9784923e-01 6.6727586e-04 7.0719374e-04],1,[1.15094091e-06 9.99996965e-01 5.23786375e-07 1.36077235e-06],1,[0.00095971 0.93778888 0.0020794  0.05917201],1,[0.08776297 0.85295057 0.02142218 0.03786428],1,[0.16 0.37 0.19 0.28],1,[6.6942407e-04 9.9763739e-01 9.5137447e-04 7.4177183e-04],1,[8.87995804e-07 9.99997216e-01 1.05781438e-06 8.38416041e-07],1,[0.00171724 0.80827268 0.00192137 0.18808871],1,[0.06508957 0.79735502 0.03582566 0.10172974],1,[0.06 0.8  0.03 0.11],1,[7.7632163e-04 9.9784923e-01 6.6727586e-04 7.0719374e-04],1,[1.15094091e-06 9.99996965e-01 5.23786375e-07 1.36077235e-06],1,[0.00095971 0.93778888 0.0020794  0.05917201],1,[0.08776297 0.85295057 0.02142218 0.03786428],1,[0.07 0.35 0.29 0.29],1,[0.01314018 0.95389664 0.01982904 0.01313419],1,[0.00469649 0.94793488 0.04539836 0.00197027],1,[0.07426561 0.51347367 0.00157431 0.41068642],1,[0.07630719 0.66007218 0.07912034 0.18450029],1,[0.24 0.42 0.19 0.15],1,[6.4339436e-04 9.9728990e-01 1.3017231e-03 7.6500565e-04],1,[1.95587046e-06 9.99994324e-01 2.17403972e-06 1.54562829e-06],1,[0.00311539 0.95311541 0.00914321 0.03462599],1,[0.0871975  0.78712798 0.06782259 0.05785193],1,[0.01519437 0.94946155 0.00766695 0.02767714],1,[0.0017394  0.99427809 0.00220798 0.00177454],1,[0. 1. 0. 0.],1,[0.12238404 0.63547766 0.11818289 0.12395537],1,[1.15094091e-06 9.99996965e-01 5.23786375e-07 1.36077235e-06],1,[0.01315586 0.84182736 0.02686143 0.11815535],1,[0.03300573 0.91819874 0.04119128 0.00760425]
24715.0,4,0.7367590532065548,0,2,1226.0,0.0966214849281812,2022,0.996996731480962,1908427331.0,0,0.0004791649526022,30,885.0,1,30,1394.0,72,0.0564029941331175,0.0006122061874975,595,0.0248027513655674,613.0,18209,0,0.035808213635444,0.0496055027311349,6929.218236328443,2388.0,0,1,4,0,0,0.996996731480962,3,부산,59이하,K05,치과,2021,12109.0,1750215.0,45,13,0,3,[0.   0.27 0.02 0.71],3,[0.00127093 0.00260029 0.00158225 0.99454653],3,[1.70129195e-06 5.03930567e-06 1.37902875e-06 9.99991880e-01],3,[9.30254258e-10 8.86661445e-11 4.11935815e-08 9.99999958e-01],3,[6.83620549e-11 4.06772729e-05 1.06694157e-03 9.98892381e-01],3,[0.   0.44 0.   0.56],3,[4.2643340e-04 6.1278645e-04 9.5599476e-04 9.9800473e-01],3,[6.92996685e-07 4.48263126e-07 1.03366865e-06 9.99997825e-01],3,[2.20884332e-07 1.45565054e-07 9.23201544e-13 9.99999634e-01],3,[9.63524489e-14 1.21828598e-05 3.66649572e-02 9.63322860e-01],3,[0.   0.27 0.02 0.71],3,[0.00127093 0.00260029 0.00158225 0.99454653],3,[1.70129195e-06 5.03930567e-06 1.37902875e-06 9.99991880e-01],3,[9.30254258e-10 8.86661445e-11 4.11935815e-08 9.99999958e-01],3,[6.83620549e-11 4.06772729e-05 1.06694157e-03 9.98892381e-01],3,[0.11 0.22 0.11 0.56],3,[0.01069418 0.01614049 0.01918535 0.95397997],3,[5.02918119e-06 3.99729697e-04 6.53056937e-03 9.93064672e-01],3,[9.51203971e-06 5.42895410e-09 8.09811484e-08 9.99990402e-01],3,[1.02139190e-05 2.54302848e-01 2.35709168e-02 7.22116022e-01],3,[0.   0.29 0.01 0.7 ],3,[3.924817e-04 5.424621e-04 8.299461e-04 9.982351e-01],3,[7.63453201e-07 6.12633074e-07 8.35166535e-07 9.99997789e-01],3,[1.65081149e-08 8.09242246e-10 2.09400090e-12 9.99999983e-01],3,[1.94509024e-14 2.30949631e-06 3.53826926e-02 9.64614998e-01],3,[3.18157050e-04 6.81513333e-02 5.39590781e-03 9.26134603e-01],3,[0.00353627 0.00483562 0.00788828 0.98373983],3,[0. 0. 0. 1.],3,[0.12328221 0.15560171 0.1193453  0.60177076],3,[1.70129195e-06 5.03930567e-06 1.37902875e-06 9.99991880e-01],3,[2.11104768e-18 2.13112653e-19 1.67207153e-12 1.00000000e+00],3,[3.60527585e-13 2.17861763e-03 8.98360570e-03 9.88837777e-01]
11509.0,9,0.7050134677209141,0,10,184.0,0.1942827352506733,2023,0.9939900741845534,3063874.0,0,0.0007929565488688,30,444.0,2,30,284.0,65,0.0246763402554522,0.0031424105110205,1354,0.0214614649404813,247.0,8114,0,0.0385785037796507,0.0159874880528282,3134.746204506302,2236.0,0,1,4,1,0,0.9939900741845534,1,대전,59이하,Z26,내과,2021,11370.0,778061.0,89,1,0,1,[0.01 0.94 0.   0.05],1,[1.0870511e-03 9.9712580e-01 6.5836817e-04 1.1287740e-03],1,[5.01457993e-06 9.99987645e-01 2.07577969e-06 5.26424893e-06],1,[1.85907678e-10 9.99999993e-01 5.53016331e-09 1.57164880e-09],1,[4.89417606e-04 9.97851024e-01 2.31845753e-04 1.42771291e-03],1,[0.04 0.88 0.   0.08],1,[6.6005805e-04 9.9765176e-01 8.3634455e-04 8.5188774e-04],1,[3.73457632e-07 9.99998940e-01 2.54204107e-07 4.32511750e-07],1,[3.39823538e-11 1.00000000e+00 2.25280560e-12 6.78373887e-11],1,[7.10479368e-05 9.99826585e-01 4.53664694e-05 5.70001442e-05],1,[0.01 0.94 0.   0.05],1,[1.0870511e-03 9.9712580e-01 6.5836817e-04 1.1287740e-03],1,[5.01457993e-06 9.99987645e-01 2.07577969e-06 5.26424893e-06],1,[1.85907678e-10 9.99999993e-01 5.53016331e-09 1.57164880e-09],1,[4.89417606e-04 9.97851024e-01 2.31845753e-04 1.42771291e-03],1,[0.18 0.66 0.03 0.13],1,[0.01710892 0.9448551  0.02093488 0.01710112],1,[0.00223517 0.95676416 0.03880811 0.00219257],1,[4.07800729e-05 9.99779775e-01 5.77818693e-05 1.21663169e-04],1,[2.73909647e-04 9.94614941e-01 1.58818513e-03 3.52296436e-03],1,[0.04 0.89 0.01 0.06],1,[5.9755694e-04 9.9776793e-01 6.7887979e-04 9.5561845e-04],1,[1.27252870e-06 9.99996622e-01 8.21295121e-07 1.28402344e-06],1,[5.81848039e-11 1.00000000e+00 1.04056162e-11 2.81262200e-11],1,[8.78164133e-05 9.99838541e-01 6.71337308e-05 6.50857920e-06],1,[2.77301642e-03 9.84278362e-01 1.65110987e-04 1.27835096e-02],1,[0.0014321  0.99519609 0.00193952 0.00143229],1,[0. 1. 0. 0.],1,[0.11753566 0.64357543 0.11704991 0.121839  ],1,[5.01457993e-06 9.99987645e-01 2.07577969e-06 5.26424893e-06],1,[6.48656548e-07 9.99999327e-01 2.19211249e-08 2.33097604e-09],1,[6.80121581e-04 9.97824287e-01 6.54158303e-05 1.43017523e-03]
5575.0,9,0.7139013452914799,0,12,237.0,0.1293273542600896,2022,0.9972455496102473,677078.0,0,0.0007331313438808,30,182.0,1,30,327.0,63,0.0586547085201793,0.0012889011889545,179,0.0229596412556053,128.0,3980,0,0.0326457399103139,0.0425112107623318,1509.4861929367446,721.0,0,1,4,0,0,0.9972455496102473,1,부산,59이하,L29,피부과,2021,10275.0,337624.0,57,14,0,1,[0.01 0.97 0.   0.02],1,[4.8472916e-04 9.9876815e-01 3.0551112e-04 4.4156626e-04],1,[1.01365648e-06 9.99997136e-01 5.04660318e-07 1.34590971e-06],1,[1.79569213e-03 9.96186009e-01 2.01627157e-03 2.02763211e-06],1,[0.25428763 0.61882974 0.11663612 0.0102465 ],1,[0.06 0.77 0.04 0.13],1,[4.7429604e-04 9.9853098e-01 4.0468821e-04 5.9006858e-04],1,[8.69080192e-07 9.99997200e-01 9.99231313e-07 9.31775438e-07],1,[5.59300150e-04 9.85268852e-01 1.41630379e-02 8.81009387e-06],2,[0.23204905 0.36376256 0.40284153 0.00134686],1,[0.01 0.97 0.   0.02],1,[4.8472916e-04 9.9876815e-01 3.0551112e-04 4.4156626e-04],1,[1.01365648e-06 9.99997136e-01 5.04660318e-07 1.34590971e-06],1,[1.79569213e-03 9.96186009e-01 2.01627157e-03 2.02763211e-06],1,[0.25428763 0.61882974 0.11663612 0.0102465 ],1,[0.11 0.54 0.17 0.18],1,[0.00938028 0.9729518  0.00829183 0.00937601],1,[4.63949038e-04 9.95820948e-01 3.35283642e-03 3.62266434e-04],1,[0.00655128 0.66246829 0.32910887 0.00187156],2,[0.13519226 0.34610359 0.48051084 0.03819331],1,[0.07 0.79 0.07 0.07],1,[4.5813309e-04 9.9847037e-01 3.3888468e-04 7.3265051e-04],1,[7.31761850e-07 9.99997273e-01 9.54199258e-07 1.04142847e-06],1,[4.16018054e-04 9.74815158e-01 2.47612176e-02 7.60643828e-06],2,[0.21361131 0.37283516 0.41300435 0.00054918],1,[2.62143570e-03 9.92191322e-01 7.65039440e-05 5.11072804e-03],1,[0.00138826 0.99538799 0.00188656 0.0013372 ],1,[0. 1. 0. 0.],1,[0.12038551 0.64211285 0.11608912 0.12141253],1,[1.01365648e-06 9.99997136e-01 5.04660318e-07 1.34590971e-06],1,[1.04103590e-01 8.46654166e-01 4.89855254e-02 2.56719033e-04],1,[2.44002122e-01 6.15105945e-01 1.40617958e-01 2.73975336e-04]
29435.0,4,0.757499575335485,0,2,1152.0,0.1425174112451163,2023,0.996996731480962,2509272.0,0,0.0004791649526022,30,448.0,2,30,1020.0,72,0.0346526244267029,0.0006122061874975,595,0.0109733310684559,323.0,22297,0,0.0152199762187871,0.0391370817054526,8637.40200330323,4195.0,0,1,4,0,0,0.996996731480962,1,부산,59이하,K02,치과,2021,9685.0,1586334.0,43,13,0,1,[0.01 0.91 0.   0.08],1,[1.1700024e-03 9.9698347e-01 7.8069669e-04 1.0658192e-03],1,[3.36342836e-06 9.99991295e-01 1.53414383e-06 3.80731681e-06],1,[3.26416181e-10 1.00000000e+00 1.79871408e-12 4.49751092e-12],1,[1.42609796e-09 9.99973217e-01 1.38698721e-05 1.29119547e-05],1,[0.01 0.95 0.   0.04],1,[6.1173388e-04 9.9704570e-01 1.5849913e-03 7.5762195e-04],1,[1.34703865e-06 9.99996265e-01 1.27468263e-06 1.11279735e-06],1,[1.37212377e-07 9.99999863e-01 2.88268854e-19 5.46112250e-13],1,[2.52538805e-11 9.99882720e-01 1.17263191e-04 1.69726177e-08],1,[0.01 0.91 0.   0.08],1,[1.1700024e-03 9.9698347e-01 7.8069669e-04 1.0658192e-03],1,[3.36342836e-06 9.99991295e-01 1.53414383e-06 3.80731681e-06],1,[3.26416181e-10 1.00000000e+00 1.79871408e-12 4.49751092e-12],1,[1.42609796e-09 9.99973217e-01 1.38698721e-05 1.29119547e-05],1,[0.16 0.45 0.1  0.29],1,[0.0109192  0.96022487 0.01794165 0.01091423],1,[0.00247954 0.86210802 0.13241034 0.00300209],3,[1.67821436e-03 3.36004184e-02 2.68095947e-05 9.64694558e-01],1,[7.71264623e-09 9.99959821e-01 2.53483357e-05 1.48231789e-05],1,[0.02 0.9  0.   0.08],1,[6.3255546e-04 9.9632370e-01 2.3246105e-03 7.1919494e-04],1,[1.11183070e-06 9.99997139e-01 9.00846416e-07 8.48054109e-07],1,[2.86858546e-08 9.99999971e-01 5.80899218e-17 7.73658020e-14],1,[2.14465433e-11 9.99888161e-01 1.11838109e-04 8.82919067e-10],1,[2.79334145e-03 9.76743691e-01 1.95557708e-04 2.02674066e-02],1,[0.0014724  0.99500944 0.00199011 0.00152804],1,[0. 1. 0. 0.],1,[0.12031858 0.6417558  0.11631636 0.12160921],1,[3.36342836e-06 9.99991295e-01 1.53414383e-06 3.80731681e-06],1,[1.25696013e-04 9.99874289e-01 8.89343846e-09 5.75016889e-09],1,[1.20926684e-09 9.99524474e-01 1.59088417e-04 3.16436316e-04]
8608.0,2,0.6442843866171004,0,0,298.0,0.1355715613382899,2021,0.9723111097801748,232432365.0,0,0.0055123512636309,30,441.0,0,30,883.0,12,0.1025789962825278,0.0087317063684414,273,0.0317146840148698,273.0,5546,0,0.0512314126394052,0.0346189591078066,2044.8910647432217,1167.0,0,1,2,0,0,0.9723111097801748,2,대구,59이하,M54,재활의학과,2021,9634.0,571500.0,66,10,0,1,[0.22 0.54 0.15 0.09],2,[0.01495553 0.02522041 0.9442945  0.01552954],2,[4.83706802e-06 1.87776282e-05 9.99969516e-01 6.86883268e-06],0,[8.99703458e-01 2.56692342e-04 5.00139767e-04 9.95397099e-02],1,[0.09608941 0.67281762 0.00502212 0.22607085],1,[0.28 0.46 0.03 0.23],2,[0.00190348 0.00243041 0.9930193  0.00264681],2,[1.66659624e-06 1.12333525e-06 9.99995629e-01 1.58151682e-06],0,[9.64522317e-01 2.07837053e-05 9.45336199e-07 3.54559540e-02],3,[0.31607827 0.32199909 0.00732072 0.35460192],1,[0.22 0.54 0.15 0.09],2,[0.01495553 0.02522041 0.9442945  0.01552954],2,[4.83706802e-06 1.87776282e-05 9.99969516e-01 6.86883268e-06],0,[8.99703458e-01 2.56692342e-04 5.00139767e-04 9.95397099e-02],1,[0.09608941 0.67281762 0.00502212 0.22607085],1,[0.19 0.38 0.25 0.18],2,[0.02184145 0.03268076 0.9236463  0.0218315 ],2,[0.0035735  0.16022008 0.82535374 0.01085268],0,[8.91355525e-01 5.72802220e-03 1.72360031e-04 1.02744092e-01],1,[0.36815629 0.39201395 0.014667   0.22516276],0,[0.45 0.38 0.12 0.05],2,[0.00099622 0.00123074 0.9956234  0.00214959],2,[8.57980293e-07 1.20386784e-06 9.99996743e-01 1.19500182e-06],0,[9.95664414e-01 1.81503558e-06 3.67124743e-07 4.33340383e-03],3,[0.11758156 0.26196272 0.00928301 0.61117271],2,[0.05874009 0.1413098  0.77356601 0.0263841 ],2,[0.02495436 0.02776604 0.91869163 0.02858798],2,[0. 0. 1. 0.],2,[0.13644615 0.16303863 0.5612848  0.13923042],2,[4.83706802e-06 1.87776282e-05 9.99969516e-01 6.86883268e-06],3,[0.10656626 0.00197119 0.05600376 0.8354588 ],1,[0.06205755 0.64730807 0.0011483  0.28948607]
3692.0,13,0.3659263271939328,0,0,49.0,0.0685265438786565,2021,0.9534468217872016,224050.0,0,0.0094645743685045,30,117.0,0,30,231.0,34,0.0625677139761646,0.014903608710449,1691,0.4580173347778981,1691.0,1351,0,0.0316901408450704,0.0132719393282773,713.6289418645146,253.0,0,1,0,0,0,0.9534468217872016,0,부산,59이하,L30,피부과,2021,9239.0,316325.0,58,14,0,0,[0.71 0.14 0.08 0.07],0,[9.9635637e-01 1.8515962e-03 8.0090592e-04 9.9119055e-04],0,[9.99954190e-01 2.55163634e-05 5.62785405e-06 1.46657212e-05],0,[0.91399695 0.00484097 0.0700814  0.01108068],0,[0.85933922 0.06207676 0.02676444 0.05181959],0,[0.74 0.06 0.15 0.05],0,[9.9825364e-01 8.4972853e-04 3.4911590e-04 5.4749026e-04],0,[9.99992894e-01 3.82694896e-06 1.97124257e-06 1.30808907e-06],3,[0.23260368 0.0027064  0.08480885 0.67988106],0,[0.92790469 0.00608908 0.02503256 0.04097367],0,[0.71 0.14 0.08 0.07],0,[9.9635637e-01 1.8515962e-03 8.0090592e-04 9.9119055e-04],0,[9.99954190e-01 2.55163634e-05 5.62785405e-06 1.46657212e-05],0,[0.91399695 0.00484097 0.0700814  0.01108068],0,[0.85933922 0.06207676 0.02676444 0.05181959],0,[0.42 0.13 0.32 0.13],0,[0.96760947 0.01405086 0.00715217 0.01118755],0,[9.99033437e-01 9.18933328e-04 4.43938158e-05 3.23565594e-06],2,[1.71082249e-02 4.07705227e-05 9.78752470e-01 4.09853457e-03],0,[0.75558772 0.00912842 0.19717714 0.03810672],0,[0.82 0.03 0.11 0.04],0,[9.9827778e-01 8.7067793e-04 3.0959296e-04 5.4201396e-04],0,[9.99997991e-01 6.34105875e-07 7.57031900e-07 6.17943248e-07],3,[5.72955348e-02 1.50822047e-05 3.23132833e-02 9.10376100e-01],0,[0.92012411 0.00453631 0.01628311 0.05905648],0,[0.92657764 0.03546928 0.02020163 0.01775146],0,[0.98513966 0.006377   0.00432738 0.00415596],0,[1. 0. 0. 0.],0,[0.60569817 0.1368081  0.13943516 0.11805863],0,[9.99954190e-01 2.55163634e-05 5.62785405e-06 1.46657212e-05],2,[0.15223336 0.01998731 0.7677429  0.06003643],0,[0.83269535 0.03923491 0.1133224  0.01474734]
1955.0,10,0.5048593350383632,0,1,24.0,0.2746803069053708,2023,0.7215218489294294,808021071.0,2,0.0593047621694918,30,136.0,2,30,162.0,5,0.0828644501278772,0.1506655217355791,105,0.0557544757033248,109.0,987,60,0.0695652173913043,0.0122762148337595,369.5215374868787,537.0,4,1,2,1,0,0.7215218489294294,3,부산,59이하,K08,치과,2021,8358.0,1737556.0,46,13,0,3,[0.05 0.11 0.   0.84],3,[0.00124037 0.00168474 0.00130002 0.9957749 ],3,[2.31194573e-06 3.52070901e-06 1.32760155e-06 9.99992840e-01],3,[2.39838433e-05 3.35011080e-07 4.72273044e-06 9.99970958e-01],3,[4.99423795e-03 1.18150100e-03 1.30096772e-04 9.93694164e-01],3,[0.08 0.19 0.07 0.66],3,[6.3779129e-04 6.4791780e-04 3.3737146e-04 9.9837685e-01],3,[5.44353024e-07 5.97749689e-07 6.78447280e-07 9.99998179e-01],3,[1.17865044e-04 1.00173963e-04 1.80014824e-11 9.99781961e-01],3,[3.76277819e-05 2.81434042e-05 1.16464171e-06 9.99933064e-01],3,[0.05 0.11 0.   0.84],3,[0.00124037 0.00168474 0.00130002 0.9957749 ],3,[2.31194573e-06 3.52070901e-06 1.32760155e-06 9.99992840e-01],3,[2.39838433e-05 3.35011080e-07 4.72273044e-06 9.99970958e-01],3,[4.99423795e-03 1.18150100e-03 1.30096772e-04 9.93694164e-01],3,[0.11 0.07 0.12 0.7 ],3,[0.01054009 0.00757665 0.0128948  0.9689885 ],3,[2.02984633e-06 3.39086827e-05 1.52831109e-03 9.98435750e-01],0,[9.59005936e-01 5.89022693e-03 6.65445809e-05 3.50372928e-02],0,[0.9022393  0.01331401 0.01621894 0.06822775],3,[0.13 0.14 0.02 0.71],3,[3.6479509e-04 3.7902259e-04 1.4063447e-04 9.9911553e-01],3,[4.08137197e-07 8.07916682e-07 6.02992237e-07 9.99998181e-01],3,[1.25020338e-04 5.48410626e-05 1.11519380e-13 9.99820139e-01],3,[1.40745083e-05 7.19449925e-06 4.13232603e-07 9.99978318e-01],3,[1.28106700e-02 2.79220650e-02 3.25338042e-04 9.58941941e-01],3,[0.00321654 0.00354383 0.00670153 0.9865381 ],3,[0. 0. 0. 1.],3,[0.12420548 0.13637534 0.12021603 0.61920315],3,[2.31194573e-06 3.52070901e-06 1.32760155e-06 9.99992840e-01],3,[3.28989937e-05 2.58633266e-06 7.81480753e-06 9.99956700e-01],3,[3.13686488e-03 1.26659618e-04 3.52401068e-05 9.96701235e-01]
6416.0,1,0.6659912718204489,0,13,145.0,0.0769950124688279,2023,0.993633966891152,1343449.0,0,0.0013976203628681,30,378.0,2,30,579.0,45,0.0902431421446384,0.0028764289605529,4853,0.0852556109725685,547.0,4273,0,0.0589152119700748,0.0225997506234413,1577.3446886038153,494.0,0,1,4,0,0,0.993633966891152,1,대전,59이하,Z00,내과,2021,8154.0,428460.0,86,1,0,1,[0.02 0.89 0.03 0.06],1,[4.8837869e-04 9.9875975e-01 3.1190517e-04 4.4000591e-04],1,[6.83936615e-07 9.99998068e-01 3.40428649e-07 9.08085138e-07],1,[1.93135882e-03 9.98027917e-01 2.04437782e-05 2.02801383e-05],1,[0.20528788 0.78923683 0.00141711 0.00405818],1,[0.1  0.72 0.04 0.14],1,[6.314925e-04 9.982387e-01 5.280636e-04 6.017638e-04],1,[5.26692668e-07 9.99998256e-01 5.78292009e-07 6.38565857e-07],1,[1.84859484e-04 9.99798855e-01 2.01273736e-07 1.60839961e-05],1,[3.01065997e-01 6.97077850e-01 1.48268834e-04 1.70788390e-03],1,[0.02 0.89 0.03 0.06],1,[4.8837869e-04 9.9875975e-01 3.1190517e-04 4.4000591e-04],1,[6.83936615e-07 9.99998068e-01 3.40428649e-07 9.08085138e-07],1,[1.93135882e-03 9.98027917e-01 2.04437782e-05 2.02801383e-05],1,[0.20528788 0.78923683 0.00141711 0.00405818],1,[0.23 0.49 0.21 0.07],1,[0.0203039  0.9410204  0.01776042 0.02091531],1,[1.54363663e-03 9.90433387e-01 7.45974560e-03 5.63231233e-04],1,[8.25908379e-05 9.99335650e-01 5.74003061e-04 7.75648929e-06],1,[0.22186656 0.72057163 0.02368759 0.03387421],1,[0.07 0.82 0.   0.11],1,[6.2155293e-04 9.9821234e-01 4.8257524e-04 6.8355369e-04],1,[6.46831105e-07 9.99997726e-01 5.92332774e-07 1.03521443e-06],1,[1.83659347e-04 9.99810595e-01 6.06531733e-08 5.68453934e-06],1,[2.36708794e-01 7.62305566e-01 2.19511863e-04 7.66127890e-04],1,[0.00512227 0.97218945 0.00757806 0.01511023],1,[0.00151482 0.99493508 0.00202423 0.00152587],1,[0. 1. 0. 0.],1,[0.12645085 0.61645055 0.12198965 0.13510895],1,[6.83936615e-07 9.99998068e-01 3.40428649e-07 9.08085138e-07],1,[2.10342151e-03 9.97867130e-01 2.79694651e-05 1.47916372e-06],1,[2.46025166e-01 7.53245086e-01 2.72237374e-04 4.57510314e-04]
1916.0,1,0.6706680584551148,0,1,60.0,0.1002087682672233,2022,0.4895121704844307,169060.0,0,0.1130201403843735,30,94.0,1,30,138.0,48,0.0720250521920668,0.1656585784308111,153,0.0767223382045929,147.0,1285,0,0.0490605427974947,0.0313152400835073,475.2547387103749,192.0,0,1,5,0,0,0.4895121704844307,0,부산,59이하,I63,신경과,2021,7725.0,869314.0,31,4,0,0,[0.8  0.16 0.   0.04],0,[9.9627018e-01 1.7613233e-03 8.3869876e-04 1.1297432e-03],0,[9.99996508e-01 1.98956326e-06 4.15172066e-07 1.08737447e-06],0,[9.81215988e-01 1.87611232e-02 2.39015890e-06 2.04984217e-05],0,[0.78119205 0.20498493 0.00694226 0.00688076],0,[0.86 0.12 0.   0.02],0,[9.9850816e-01 8.2716136e-04 2.2018471e-04 4.4448467e-04],0,[9.99998178e-01 7.35788577e-07 5.85856499e-07 5.00131252e-07],0,[9.91429519e-01 8.52254439e-03 9.33157160e-11 4.79367304e-05],0,[0.8985779  0.09132504 0.00889793 0.00119913],0,[0.8  0.16 0.   0.04],0,[9.9627018e-01 1.7613233e-03 8.3869876e-04 1.1297432e-03],0,[9.99996508e-01 1.98956326e-06 4.15172066e-07 1.08737447e-06],0,[9.81215988e-01 1.87611232e-02 2.39015890e-06 2.04984217e-05],0,[0.78119205 0.20498493 0.00694226 0.00688076],0,[0.49 0.15 0.19 0.17],0,[0.96760947 0.01405086 0.00715217 0.01118755],0,[9.97977843e-01 1.98262939e-03 3.53238725e-05 4.20414118e-06],3,[3.24100992e-01 3.29633144e-02 1.60698729e-04 6.42774995e-01],0,[0.44603009 0.16798003 0.14894647 0.23704341],0,[0.89 0.08 0.   0.03],0,[9.9848109e-01 8.2148123e-04 1.5531524e-04 5.4212438e-04],0,[9.99998069e-01 7.01589673e-07 5.78783208e-07 6.50698915e-07],0,[9.61548560e-01 3.77711805e-02 4.72487203e-10 6.80258713e-04],0,[0.90709348 0.08158826 0.0086848  0.00263347],0,[9.49066672e-01 4.04408282e-02 2.09778483e-04 1.02827076e-02],0,[0.98678683 0.00576764 0.00392536 0.00352017],0,[1. 0. 0. 0.],0,[0.63130254 0.13508804 0.11446748 0.11914195],0,[9.99996508e-01 1.98956326e-06 4.15172066e-07 1.08737447e-06],0,[9.51775366e-01 4.81836832e-02 1.44540417e-05 2.64971838e-05],0,[0.84032681 0.15027968 0.00825037 0.00114314]
13277.0,9,0.6879566167055811,0,12,351.0,0.1031106424644121,2022,0.997340060483719,1382089051.0,0,0.0007030929848726,30,675.0,1,30,1292.0,60,0.0973111395646607,0.001251793382787,413,0.0343451080816449,456.0,9134,0,0.0508397981471718,0.0264366950365293,3417.0266265668265,1369.0,0,1,4,0,0,0.997340060483719,3,부산,59이하,H25,안과,2021,7365.0,597724.0,22,6,0,3,[0.01 0.1  0.   0.89],3,[0.00111619 0.00197861 0.0012613  0.995644  ],3,[1.50331885e-06 3.82501633e-06 1.32763540e-06 9.99993344e-01],3,[3.23448475e-06 8.94607886e-11 2.17736930e-05 9.99974992e-01],3,[4.06531855e-06 1.12974378e-04 3.27171036e-03 9.96611250e-01],3,[0.03 0.12 0.   0.85],3,[3.8524915e-04 5.6885334e-04 4.5663316e-04 9.9858922e-01],3,[9.38307403e-07 4.10222091e-07 9.32898284e-07 9.99997719e-01],3,[3.64204723e-06 8.70006888e-10 4.61455402e-09 9.99996352e-01],3,[2.32217377e-08 2.69679681e-06 1.00482144e-03 9.98992459e-01],3,[0.01 0.1  0.   0.89],3,[0.00111619 0.00197861 0.0012613  0.995644  ],3,[1.50331885e-06 3.82501633e-06 1.32763540e-06 9.99993344e-01],3,[3.23448475e-06 8.94607886e-11 2.17736930e-05 9.99974992e-01],3,[4.06531855e-06 1.12974378e-04 3.27171036e-03 9.96611250e-01],3,[0.14 0.18 0.08 0.6 ],3,[0.01070836 0.01616189 0.01788484 0.9552449 ],3,[6.20834683e-06 3.32535658e-04 6.43723669e-03 9.93224019e-01],3,[4.11639729e-02 9.76944898e-05 1.16546532e-03 9.57572867e-01],3,[0.01723723 0.04238583 0.12960543 0.8107715 ],3,[0.   0.14 0.   0.86],3,[3.9967065e-04 5.8559945e-04 3.9914576e-04 9.9861562e-01],3,[4.69896185e-07 5.20991055e-07 7.49427217e-07 9.99998260e-01],3,[2.49716724e-06 1.02401466e-10 1.02274396e-08 9.99997493e-01],3,[2.57257824e-09 9.21245752e-07 9.37088381e-04 9.99061988e-01],3,[2.77942417e-03 2.54956079e-02 3.15656400e-04 9.71409329e-01],3,[0.00288034 0.00332162 0.00627405 0.98752399],3,[0. 0. 0. 1.],3,[0.12219825 0.15158519 0.11799949 0.60821706],3,[1.50331885e-06 3.82501633e-06 1.32763540e-06 9.99993344e-01],3,[3.33054450e-10 1.71289383e-12 2.47748412e-07 9.99999752e-01],3,[8.24327633e-07 1.56392661e-05 1.07704552e-02 9.89213081e-01]
2120.0,7,0.589622641509434,0,5,158.0,0.2367924528301886,2021,0.9895684360793484,465527.0,0,0.0010988935272949,30,0.0,0,30,121.0,81,0.0570754716981132,0.0053153681398868,102,0.0419811320754716,89.0,1250,0,0.0,0.0745283018867924,471.7972728478479,502.0,0,1,3,1,0,0.9895684360793484,1,부산,59이하,H04,안과,2021,6739.0,473048.0,21,6,0,1,[0.04 0.82 0.02 0.12],1,[1.2188813e-03 9.9702221e-01 7.9547591e-04 9.6339185e-04],1,[1.52386057e-06 9.99997002e-01 4.20969468e-07 1.05314965e-06],1,[3.52359055e-04 9.98435586e-01 1.16499510e-03 4.70600583e-05],1,[0.19342951 0.74694923 0.0423415  0.01727977],1,[0.14 0.72 0.05 0.09],1,[1.1103128e-03 9.9593371e-01 2.0829686e-03 8.7301427e-04],1,[6.64803525e-07 9.99997835e-01 9.61633410e-07 5.38459618e-07],1,[2.63091823e-05 9.99562507e-01 7.68134202e-05 3.34370216e-04],1,[0.36472429 0.54379555 0.08881398 0.00266618],1,[0.04 0.82 0.02 0.12],1,[1.2188813e-03 9.9702221e-01 7.9547591e-04 9.6339185e-04],1,[1.52386057e-06 9.99997002e-01 4.20969468e-07 1.05314965e-06],1,[3.52359055e-04 9.98435586e-01 1.16499510e-03 4.70600583e-05],1,[0.19342951 0.74694923 0.0423415  0.01727977],1,[0.24 0.33 0.22 0.21],1,[0.02789345 0.91688263 0.02649053 0.02873341],1,[3.54451992e-03 9.89735298e-01 5.97726528e-03 7.42916600e-04],2,[0.02972971 0.31046743 0.41237937 0.24742349],1,[0.05827533 0.6152773  0.29137332 0.03507404],1,[0.09 0.76 0.09 0.06],1,[1.1474711e-03 9.9591064e-01 2.2890109e-03 6.5294694e-04],1,[3.96481501e-07 9.99998574e-01 6.59124411e-07 3.70605810e-07],1,[4.43330706e-05 9.99688471e-01 8.31675309e-05 1.84028784e-04],1,[0.30752056 0.5794962  0.11191666 0.00106658],1,[0.0103051  0.9542548  0.00519897 0.03024111],1,[0.00166539 0.99441312 0.00216299 0.00175851],1,[0. 1. 0. 0.],1,[0.11799258 0.64314055 0.11740081 0.12146606],1,[1.52386057e-06 9.99997002e-01 4.20969468e-07 1.05314965e-06],1,[6.65424666e-03 9.89486458e-01 3.76463564e-03 9.46599587e-05],1,[0.19835609 0.73045066 0.07042119 0.00077207]
3652.0,0,0.7995618838992333,0,4,30.0,0.1284227820372398,2021,0.9897351919341348,778332.0,0,0.0009322458058779,30,0.0,0,30,0.0,31,0.0,0.0074997007369683,100,0.0638006571741511,233.0,2920,0,0.0,0.0082146768893756,1147.0570459513629,469.0,0,1,4,1,0,0.9897351919341348,1,부산,59이하,H35,안과,2021,6518.0,925464.0,23,6,0,1,[0.04 0.9  0.01 0.05],1,[5.6126458e-04 9.9865520e-01 3.3992762e-04 4.4361819e-04],1,[8.74934105e-07 9.99997868e-01 3.49392521e-07 9.07805379e-07],1,[7.30052792e-04 9.98613459e-01 6.51922405e-04 4.56562255e-06],1,[0.03495397 0.95636405 0.00524931 0.00343268],1,[0.09 0.77 0.03 0.11],1,[6.2493782e-04 9.9787533e-01 9.6935034e-04 5.3040870e-04],1,[4.27944816e-07 9.99998507e-01 6.15674532e-07 4.48952180e-07],1,[3.18040996e-06 9.99986880e-01 9.73303664e-06 2.06667781e-07],1,[4.50131196e-02 9.44128999e-01 1.06497091e-02 2.08172405e-04],1,[0.04 0.9  0.01 0.05],1,[5.6126458e-04 9.9865520e-01 3.3992762e-04 4.4361819e-04],1,[8.74934105e-07 9.99997868e-01 3.49392521e-07 9.07805379e-07],1,[7.30052792e-04 9.98613459e-01 6.51922405e-04 4.56562255e-06],1,[0.03495397 0.95636405 0.00524931 0.00343268],1,[0.36 0.39 0.12 0.13],1,[0.01886344 0.93998075 0.02172432 0.01943147],1,[0.00334062 0.98512621 0.01035528 0.00117789],2,[0.08643758 0.41527757 0.48568628 0.01259856],1,[0.0500676  0.85385243 0.08752477 0.00855521],1,[0.05 0.81 0.03 0.11],1,[6.4299832e-04 9.9813497e-01 6.8616215e-04 5.3584878e-04],1,[6.77272515e-07 9.99998101e-01 6.47354889e-07 5.74549548e-07],1,[1.26889153e-05 9.99980043e-01 7.16425977e-06 1.03524646e-07],1,[3.80430318e-02 9.51469172e-01 1.03321728e-02 1.55623383e-04],1,[0.01014053 0.97466327 0.00258507 0.01261113],1,[0.00154203 0.99495255 0.00201624 0.00148918],1,[0. 1. 0. 0.],1,[0.11799954 0.6445746  0.11690429 0.12052157],1,[8.74934105e-07 9.99997868e-01 3.49392521e-07 9.07805379e-07],1,[1.96237172e-03 9.97833134e-01 2.03183882e-04 1.31058697e-06],1,[3.95957244e-02 9.53311540e-01 6.77104702e-03 3.21688133e-04]
1147.0,10,0.3548387096774194,0,1,88.0,0.3225806451612903,2022,0.7791566874546125,517695.0,0,0.055563916174202,30,1.0,1,30,157.0,6,0.1368788142981691,0.0935446679214047,158,0.1081081081081081,124.0,407,0,0.000871839581517,0.076721883173496,161.8955424545922,370.0,0,1,4,1,0,0.7791566874546125,1,대전,59이하,M48,정형외과,2022,12912.0,3794079.0,63,12,0,1,[0.42 0.5  0.01 0.07],1,[0.00179324 0.99565923 0.00113023 0.00141736],1,[1.73030351e-06 9.99996361e-01 5.30482278e-07 1.37851664e-06],0,[9.45136510e-01 4.55296906e-02 1.18559509e-05 9.32194350e-03],0,[6.28146471e-01 3.18544506e-01 2.95504108e-04 5.30135190e-02],1,[0.44 0.52 0.02 0.02],1,[1.0677974e-03 9.9732864e-01 6.4061151e-04 9.6299703e-04],1,[9.69719938e-07 9.99997790e-01 5.94896726e-07 6.45062681e-07],0,[9.89254171e-01 9.33699718e-03 2.05910143e-10 1.40883143e-03],0,[6.49893048e-01 2.46135550e-01 5.70998819e-05 1.03914302e-01],1,[0.42 0.5  0.01 0.07],1,[0.00179324 0.99565923 0.00113023 0.00141736],1,[1.73030351e-06 9.99996361e-01 5.30482278e-07 1.37851664e-06],0,[9.45136510e-01 4.55296906e-02 1.18559509e-05 9.32194350e-03],0,[6.28146471e-01 3.18544506e-01 2.95504108e-04 5.30135190e-02],0,[0.35 0.26 0.19 0.2 ],1,[0.03000871 0.9129053  0.02617366 0.03091237],1,[0.01904368 0.95649706 0.02108721 0.00337205],0,[9.18684166e-01 7.01234875e-03 2.95182263e-05 7.42739666e-02],0,[0.3591967  0.30049379 0.02705396 0.31325556],1,[0.43 0.49 0.03 0.05],1,[1.0694925e-03 9.9747735e-01 5.8976479e-04 8.6343399e-04],1,[6.09459352e-07 9.99998143e-01 5.70930136e-07 6.76819976e-07],0,[9.81530283e-01 1.55114692e-02 4.55850451e-11 2.95824743e-03],0,[6.88840709e-01 1.70040377e-01 6.34388530e-05 1.41055475e-01],1,[0.10544874 0.8739139  0.00278269 0.01785469],1,[0.00373689 0.99085079 0.00309777 0.00231455],1,[0. 1. 0. 0.],1,[0.17514817 0.5714697  0.1249386  0.12844352],1,[1.73030351e-06 9.99996361e-01 5.30482278e-07 1.37851664e-06],0,[9.82754965e-01 1.53883511e-02 7.23472420e-05 1.78433636e-03],0,[5.64824766e-01 3.34289811e-01 1.42490680e-04 1.00742933e-01]
4167.0,1,0.695224382049436,0,13,67.0,0.099592032637389,2023,0.9853369380093854,987722755.0,0,0.0035987382665897,30,187.0,2,30,245.0,43,0.0587952963762899,0.0063654075277739,1979,0.0854331653467722,356.0,2897,0,0.044876409887209,0.0160787137029037,1086.008425381682,415.0,0,1,4,0,0,0.9853369380093854,3,대구,59이하,M51,재활의학과,2022,5938.0,1812237.0,65,10,0,3,[0.05 0.18 0.05 0.72],3,[0.00128671 0.0014181  0.00145398 0.9958412 ],3,[1.95535072e-06 4.76544687e-06 1.32783169e-06 9.99991951e-01],3,[4.17661586e-05 3.30312276e-09 1.19394272e-04 9.99838836e-01],3,[0.00912556 0.00403496 0.03320765 0.95363183],3,[0.07 0.2  0.04 0.69],3,[5.6204060e-04 6.1256648e-04 4.4260162e-04 9.9838281e-01],3,[6.37851686e-07 6.05166419e-07 1.09281873e-06 9.99997664e-01],3,[7.88458655e-07 2.49143672e-08 4.71579145e-06 9.99994471e-01],3,[1.69343628e-04 1.98358066e-04 7.53596944e-03 9.92096329e-01],3,[0.05 0.18 0.05 0.72],3,[0.00128671 0.0014181  0.00145398 0.9958412 ],3,[1.95535072e-06 4.76544687e-06 1.32783169e-06 9.99991951e-01],3,[4.17661586e-05 3.30312276e-09 1.19394272e-04 9.99838836e-01],3,[0.00912556 0.00403496 0.03320765 0.95363183],3,[0.04 0.3  0.16 0.5 ],3,[0.0105314  0.00785511 0.01342373 0.9681898 ],3,[1.46032025e-05 1.85984462e-04 5.42833350e-03 9.94371079e-01],1,[2.57008462e-04 9.89122455e-01 8.45781571e-03 2.16272092e-03],2,[0.12586172 0.10066568 0.39350685 0.37996575],3,[0.04 0.19 0.05 0.72],3,[5.3135527e-04 5.2308344e-04 2.1848158e-04 9.9872702e-01],3,[5.57522409e-07 7.17510016e-07 8.09592297e-07 9.99997915e-01],3,[2.59009618e-07 3.30477062e-09 1.03855603e-06 9.99998699e-01],3,[4.44344130e-05 6.08309545e-05 5.73330144e-03 9.94161433e-01],3,[0.01282217 0.04535572 0.01286383 0.92895829],3,[0.00367945 0.00431715 0.00770129 0.98430211],3,[0. 0. 0. 1.],3,[0.12843049 0.15361871 0.12110216 0.5968486 ],3,[1.95535072e-06 4.76544687e-06 1.32783169e-06 9.99991951e-01],3,[1.49336191e-05 1.27976812e-07 3.15088036e-04 9.99669850e-01],3,[1.16878502e-03 1.87414996e-05 1.06290054e-02 9.88183468e-01]
24580.0,4,0.7101301871440195,0,2,1167.0,0.1173718470301057,2023,0.996996731480962,2253915899.0,0,0.0004791649526022,30,953.0,2,30,1439.0,72,0.0585435313262815,0.0006122061874975,595,0.0277054515866558,681.0,17455,0,0.0387713588283157,0.0474776240846216,6589.518394136757,2885.0,0,1,4,0,0,0.996996731480962,3,대전,59이하,M17,정형외과,2022,5203.0,1782880.0,60,12,0,3,[0.   0.23 0.01 0.76],3,[0.00111587 0.00228305 0.00124438 0.9953566 ],3,[1.70129195e-06 5.03930567e-06 1.37902875e-06 9.99991880e-01],3,[7.41052601e-13 8.94499549e-13 4.57187139e-10 1.00000000e+00],3,[2.96846970e-12 9.06768461e-07 7.94153325e-05 9.99919678e-01],3,[0.   0.43 0.   0.57],3,[3.851067e-04 5.533998e-04 8.416209e-04 9.982199e-01],3,[6.91037577e-07 4.47985785e-07 1.03362982e-06 9.99997827e-01],3,[7.69735754e-11 1.30393300e-11 1.57653602e-15 1.00000000e+00],3,[3.27839936e-16 2.80317995e-08 2.05000381e-04 9.99794972e-01],3,[0.   0.23 0.01 0.76],3,[0.00111587 0.00228305 0.00124438 0.9953566 ],3,[1.70129195e-06 5.03930567e-06 1.37902875e-06 9.99991880e-01],3,[7.41052601e-13 8.94499549e-13 4.57187139e-10 1.00000000e+00],3,[2.96846970e-12 9.06768461e-07 7.94153325e-05 9.99919678e-01],3,[0.09 0.2  0.09 0.62],3,[0.01069973 0.01614887 0.01867625 0.9544751 ],3,[5.02918119e-06 3.99729697e-04 6.53056937e-03 9.93064672e-01],3,[1.64937848e-06 5.29953415e-08 4.42935820e-08 9.99998253e-01],3,[2.30498554e-06 7.59641393e-02 7.00652680e-03 9.17027029e-01],3,[0.   0.26 0.   0.74],3,[3.8301537e-04 5.2937848e-04 7.1699871e-04 9.9837059e-01],3,[7.63610601e-07 8.45929018e-07 7.49503213e-07 9.99997641e-01],3,[4.87146100e-12 1.60718048e-13 1.46510470e-14 1.00000000e+00],3,[3.23812270e-17 4.10224388e-09 2.42158512e-04 9.99757837e-01],3,[2.79393163e-04 5.80720231e-02 2.81144058e-03 9.38837125e-01],3,[0.00332849 0.00438641 0.00739871 0.9848864 ],3,[0. 0. 0. 1.],3,[0.12339795 0.15600403 0.11931536 0.6012827 ],3,[1.70129195e-06 5.03930567e-06 1.37902875e-06 9.99991880e-01],3,[1.06060958e-21 2.84672318e-22 9.67873486e-16 1.00000000e+00],3,[6.20664576e-14 3.00597804e-05 2.97278793e-03 9.96997152e-01]
4035.0,0,0.6312267657992565,0,1,143.0,0.1258983890954151,2021,0.5374829263762158,734597.0,0,0.1191672890059485,30,226.0,0,30,308.0,26,0.0763320941759603,0.2019080907581446,2288,0.0750929368029739,303.0,2547,0,0.0560099132589838,0.0354399008674101,926.2757148927094,508.0,0,1,4,0,0,0.5374829263762158,1,부산,59이하,I63,신경과,2022,4759.0,1325422.0,31,4,0,1,[0.09 0.76 0.02 0.13],1,[5.3318846e-04 9.9865037e-01 3.3605366e-04 4.8037744e-04],1,[1.27057387e-06 9.99997266e-01 3.99097348e-07 1.06448083e-06],1,[3.07240935e-03 9.96855836e-01 2.92580236e-05 4.24961997e-05],1,[0.29589283 0.68670123 0.00337287 0.01403307],1,[0.2  0.57 0.09 0.14],1,[7.3181867e-04 9.9807501e-01 4.9574598e-04 6.9736689e-04],1,[7.58260763e-07 9.99997224e-01 1.18044673e-06 8.37658235e-07],1,[7.14868056e-04 9.99105189e-01 3.69952907e-08 1.79906212e-04],0,[0.49583651 0.49434404 0.00158624 0.00823321],1,[0.09 0.76 0.02 0.13],1,[5.3318846e-04 9.9865037e-01 3.3605366e-04 4.8037744e-04],1,[1.27057387e-06 9.99997266e-01 3.99097348e-07 1.06448083e-06],1,[3.07240935e-03 9.96855836e-01 2.92580236e-05 4.24961997e-05],1,[0.29589283 0.68670123 0.00337287 0.01403307],0,[0.41 0.26 0.16 0.17],1,[0.01995595 0.9467006  0.01278658 0.02055689],1,[0.00270243 0.97811041 0.01742668 0.00176048],3,[0.07656667 0.44762798 0.00477129 0.47103407],0,[0.40594472 0.25196706 0.04453167 0.29755654],1,[0.19 0.68 0.02 0.11],1,[7.0127967e-04 9.9789363e-01 4.1904126e-04 9.8604010e-04],1,[8.11794207e-07 9.99996683e-01 1.33684575e-06 1.16868100e-06],1,[2.84843595e-03 9.96462370e-01 3.10267876e-08 6.89162614e-04],0,[0.54223288 0.43665396 0.00192091 0.01919226],1,[0.02263361 0.93966191 0.00508411 0.03262036],1,[0.00187519 0.99394339 0.00229606 0.00188536],1,[0. 1. 0. 0.],1,[0.1456286  0.59459037 0.12298571 0.1367953 ],1,[1.27057387e-06 9.99997266e-01 3.99097348e-07 1.06448083e-06],1,[1.36907986e-02 9.85737716e-01 4.54262958e-04 1.17222624e-04],1,[0.16752485 0.82931287 0.0015812  0.00158108]
1584.0,4,0.6161616161616161,0,2,166.0,0.2670454545454545,2022,0.996996731480962,382206.0,0,0.0004791649526022,30,1.0,1,30,18.0,72,0.0113636363636363,0.0006122061874975,595,0.0,0.0,976,0,0.0006313131313131,0.1047979797979797,385.02207728908223,423.0,0,1,4,1,0,0.996996731480962,0,대전,59이하,U07,내과,2022,4730.0,1732179.0,85,1,0,1,[0.44 0.45 0.04 0.07],0,[9.9604791e-01 2.1097485e-03 1.0775685e-03 7.6480710e-04],0,[9.99995598e-01 2.62235181e-06 5.15454511e-07 1.26451294e-06],1,[2.82614800e-02 9.71498119e-01 2.11157714e-04 2.92431681e-05],1,[0.19778633 0.77527196 0.01955146 0.00739024],0,[0.46 0.46 0.01 0.07],0,[9.9809307e-01 8.2681747e-04 7.5049937e-04 3.2960935e-04],0,[9.99997839e-01 1.08754377e-06 5.67451379e-07 5.05856047e-07],1,[1.24979076e-03 9.98711028e-01 2.94008093e-07 3.88874187e-05],1,[0.30093353 0.67895062 0.01915371 0.00096214],1,[0.44 0.45 0.04 0.07],0,[9.9604791e-01 2.1097485e-03 1.0775685e-03 7.6480710e-04],0,[9.99995598e-01 2.62235181e-06 5.15454511e-07 1.26451294e-06],1,[2.82614800e-02 9.71498119e-01 2.11157714e-04 2.92431681e-05],1,[0.19778633 0.77527196 0.01955146 0.00739024],1,[0.31 0.36 0.2  0.13],0,[0.9595992  0.01612876 0.01350631 0.0107657 ],0,[9.76365089e-01 2.33883901e-02 2.31885884e-04 1.46347000e-05],1,[0.23819692 0.4174638  0.17385269 0.17048659],1,[0.02354023 0.8190024  0.12626459 0.03119279],1,[0.35 0.55 0.03 0.07],0,[9.9798846e-01 8.2107593e-04 9.3785190e-04 2.5264581e-04],0,[9.99998040e-01 1.10881376e-06 4.85063261e-07 3.66137201e-07],1,[9.76680576e-03 9.90154247e-01 7.05725331e-07 7.82411950e-05],1,[2.27313409e-01 7.49952061e-01 2.24181655e-02 3.16364543e-04],0,[0.85901088 0.11302809 0.01026952 0.01769152],0,[0.97624301 0.01213202 0.00593616 0.00568881],0,[1. 0. 0. 0.],0,[0.56190586 0.1601775  0.13634324 0.14157337],0,[9.99995598e-01 2.62235181e-06 5.15454511e-07 1.26451294e-06],1,[6.20012396e-02 9.36923866e-01 1.06715537e-03 7.73922119e-06],1,[2.03975689e-01 7.60765118e-01 3.48192477e-02 4.39944903e-04]
17450.0,9,0.7256160458452722,0,12,213.0,0.1138681948424068,2023,0.997340060483719,2991075.0,0,0.0007030929848726,30,543.0,2,30,1582.0,60,0.0906590257879656,0.001251793382787,413,0.0265329512893982,463.0,12662,0,0.0311174785100286,0.0122063037249283,4828.691485968705,1987.0,0,1,4,0,0,0.997340060483719,1,대전,59이하,J18,내과,2022,4618.0,1683207.0,35,1,0,1,[0.01 0.92 0.01 0.06],1,[1.3018032e-03 9.9668092e-01 8.3140226e-04 1.1858837e-03],1,[5.61246167e-06 9.99986635e-01 2.13353905e-06 5.61916080e-06],1,[3.90072850e-04 9.99609135e-01 1.70116504e-07 6.21775672e-07],1,[4.02885736e-04 9.97487762e-01 4.13930610e-04 1.69542202e-03],1,[0.01 0.88 0.   0.11],1,[6.601990e-04 9.978648e-01 5.569943e-04 9.180127e-04],1,[1.14223184e-06 9.99997382e-01 7.33444764e-07 7.42286052e-07],1,[2.05768248e-02 9.79423000e-01 1.08367336e-11 1.74940489e-07],1,[5.79764137e-04 9.98675485e-01 3.17727047e-04 4.27023848e-04],1,[0.01 0.92 0.01 0.06],1,[1.3018032e-03 9.9668092e-01 8.3140226e-04 1.1858837e-03],1,[5.61246167e-06 9.99986635e-01 2.13353905e-06 5.61916080e-06],1,[3.90072850e-04 9.99609135e-01 1.70116504e-07 6.21775672e-07],1,[4.02885736e-04 9.97487762e-01 4.13930610e-04 1.69542202e-03],1,[0.18 0.56 0.06 0.2 ],1,[0.01395646 0.95988536 0.01220813 0.0139501 ],1,[0.00391371 0.91700682 0.07524034 0.00383913],0,[0.49363437 0.44206858 0.0405005  0.02379655],1,[0.01503755 0.96950293 0.01145126 0.00400825],1,[0.02 0.96 0.   0.02],1,[5.9772073e-04 9.9804139e-01 4.6407190e-04 8.9682656e-04],1,[1.91979706e-06 9.99994892e-01 1.37532301e-06 1.81286960e-06],1,[6.78376858e-03 9.93216165e-01 7.77599084e-11 6.63580903e-08],1,[7.49107352e-05 9.99694871e-01 1.94109969e-04 3.61082126e-05],1,[0.00282685 0.97916689 0.00270838 0.01529788],1,[0.00146035 0.99508314 0.00197448 0.00148203],1,[0. 1. 0. 0.],1,[0.12049839 0.6427203  0.11633787 0.12044346],1,[5.61246167e-06 9.99986635e-01 2.13353905e-06 5.61916080e-06],1,[1.88009135e-02 9.81198591e-01 3.66164050e-07 1.29701949e-07],1,[5.33917243e-04 9.97140264e-01 4.62888621e-04 1.86293051e-03]
16763.0,9,0.7639444013601384,0,12,280.0,0.1312414245660084,2023,0.9972455496102473,3479842.0,0,0.0007331313438808,30,558.0,2,30,647.0,63,0.0385969098610034,0.0012889011889545,179,0.0162262124917974,272.0,12806,0,0.0332875976853785,0.0167034540356738,4957.47848877498,2200.0,0,1,4,0,0,0.9972455496102473,1,대전,59이하,M96,신경외과,2022,4452.0,1255811.0,68,5,0,1,[0. 1. 0. 0.],1,[1.3018590e-03 9.9672371e-01 7.8846538e-04 1.1859345e-03],1,[5.01458052e-06 9.99987763e-01 1.99874937e-06 5.22350436e-06],1,[5.49472450e-06 9.99994297e-01 1.75739405e-07 3.28787596e-08],1,[2.58333514e-04 9.96680766e-01 2.00151744e-03 1.05938298e-03],1,[0.03 0.92 0.   0.05],1,[6.6018518e-04 9.9784386e-01 6.4388505e-04 8.5205177e-04],1,[3.96546624e-07 9.99998743e-01 4.01551749e-07 4.58661945e-07],1,[3.75738651e-05 9.99962423e-01 3.59191902e-11 3.42959554e-09],1,[3.17852973e-05 9.96105763e-01 3.82284041e-03 3.96116328e-05],1,[0. 1. 0. 0.],1,[1.3018590e-03 9.9672371e-01 7.8846538e-04 1.1859345e-03],1,[5.01458052e-06 9.99987763e-01 1.99874937e-06 5.22350436e-06],1,[5.49472450e-06 9.99994297e-01 1.75739405e-07 3.28787596e-08],1,[2.58333514e-04 9.96680766e-01 2.00151744e-03 1.05938298e-03],1,[0.13 0.54 0.07 0.26],1,[0.0130138  0.9587887  0.01518963 0.01300787],1,[0.0027128  0.92514851 0.06819858 0.00394011],1,[0.03839162 0.88413294 0.03123426 0.04624118],1,[0.00140638 0.98193171 0.01371822 0.00294369],1,[0.02 0.95 0.   0.03],1,[6.6639460e-04 9.9773055e-01 5.3741172e-04 1.0657042e-03],1,[5.71313959e-06 9.99984754e-01 4.46240754e-06 5.07029742e-06],1,[2.26679548e-05 9.99977329e-01 3.34527621e-10 2.57681704e-09],1,[4.77654629e-05 9.96001049e-01 3.94566202e-03 5.52374184e-06],1,[3.26718405e-04 9.99177869e-01 1.97616031e-04 2.97789507e-04],1,[0.00133878 0.99554709 0.00184053 0.0012736 ],1,[0. 1. 0. 0.],1,[0.12145621 0.63954234 0.1170785  0.12192301],1,[5.01458052e-06 9.99987763e-01 1.99874937e-06 5.22350436e-06],1,[2.68946560e-03 9.97309306e-01 1.13798368e-06 9.01044771e-08],1,[2.55980244e-04 9.96811801e-01 2.41637694e-03 5.15841711e-04]
80.0,5,0.85,0,11,0.0,0.0125,2023,0.963269319430384,41993.0,0,0.0031143275988214,30,4.0,2,30,5.0,87,0.0625,0.0210158216891364,3,0.025,2.0,68,0,0.05,0.0,29.111853256019273,1.0,0,1,1,1,0,0.963269319430384,0,대전,59이하,S46,정형외과,2022,3441.0,1248558.0,82,12,0,0,[0.9  0.08 0.01 0.01],0,[9.9504858e-01 2.9643846e-03 1.0303364e-03 9.5673121e-04],0,[9.99993044e-01 4.15302131e-06 7.97193535e-07 2.00540594e-06],0,[9.60526737e-01 3.94487774e-02 1.00322343e-05 1.44536335e-05],1,[0.26764863 0.71885328 0.0035552  0.00994289],0,[0.95 0.04 0.01 0.  ],0,[9.9822801e-01 9.5630257e-04 4.4558934e-04 3.7011955e-04],0,[9.99996090e-01 1.76989020e-06 5.76051136e-07 1.56427003e-06],1,[4.59458298e-01 5.40454305e-01 1.84569343e-10 8.73970871e-05],1,[0.47355824 0.52110229 0.0033465  0.00199296],0,[0.9  0.08 0.01 0.01],0,[9.9504858e-01 2.9643846e-03 1.0303364e-03 9.5673121e-04],0,[9.99993044e-01 4.15302131e-06 7.97193535e-07 2.00540594e-06],0,[9.60526737e-01 3.94487774e-02 1.00322343e-05 1.44536335e-05],1,[0.26764863 0.71885328 0.0035552  0.00994289],0,[0.67 0.18 0.09 0.06],0,[0.9672126  0.01404509 0.00789118 0.01085112],0,[9.95837392e-01 4.12857223e-03 3.11161381e-05 2.91916866e-06],1,[0.37952716 0.59691396 0.00097801 0.02258087],1,[0.4514135  0.48908424 0.0385961  0.02090616],0,[0.94 0.05 0.01 0.  ],0,[9.9837577e-01 9.7417703e-04 3.1649950e-04 3.3353601e-04],0,[9.99995094e-01 2.68037668e-06 6.83894715e-07 1.54134266e-06],0,[7.82302276e-01 2.17597927e-01 1.00669596e-09 9.97961494e-05],1,[0.47716837 0.51859233 0.00351027 0.00072903],0,[0.97376041 0.02074213 0.00275778 0.00273968],0,[0.98877111 0.00470639 0.00350664 0.00301586],0,[1. 0. 0. 0.],0,[0.64685804 0.12266631 0.11369143 0.11678421],0,[9.99993044e-01 4.15302131e-06 7.97193535e-07 2.00540594e-06],1,[4.61370960e-03 9.95385875e-01 4.05113901e-07 1.00447002e-08],1,[2.65018486e-01 7.33377893e-01 9.29662398e-04 6.73958287e-04]
8389.0,1,0.7384670401716533,0,13,206.0,0.0945285492907378,2022,0.9859895602305788,2319941.563,0,0.003437546145257,30,364.0,1,30,517.0,46,0.0616283228036714,0.0060824335619338,1474,0.0374299678149958,314.0,6195,0,0.0433901537727977,0.0245559661461437,2358.748432255264,793.0,0,1,4,0,0,0.9859895602305788,1,대전,59이하,I20,내과,2022,3032.0,2610095.0,27,1,0,1,[0.04 0.94 0.   0.02],1,[8.8199519e-04 9.9763894e-01 5.6329003e-04 9.1584772e-04],1,[1.05979499e-06 9.99997005e-01 5.27577462e-07 1.40718025e-06],1,[7.14147901e-04 9.99206933e-01 7.67274520e-05 2.19140231e-06],1,[0.04861747 0.94005273 0.00799762 0.00333217],1,[0.01 0.88 0.   0.11],1,[5.9595652e-04 9.9808562e-01 4.8973283e-04 8.2868297e-04],1,[5.63618445e-07 9.99998417e-01 4.76467191e-07 5.43235421e-07],1,[7.38843414e-05 9.99882338e-01 3.98641319e-05 3.91350045e-06],1,[5.43461178e-02 9.33474953e-01 1.17464308e-02 4.32498408e-04],1,[0.04 0.94 0.   0.02],1,[8.8199519e-04 9.9763894e-01 5.6329003e-04 9.1584772e-04],1,[1.05979499e-06 9.99997005e-01 5.27577462e-07 1.40718025e-06],1,[7.14147901e-04 9.99206933e-01 7.67274520e-05 2.19140231e-06],1,[0.04861747 0.94005273 0.00799762 0.00333217],1,[0.19 0.61 0.13 0.07],1,[0.01176497 0.9658246  0.01029117 0.01211925],1,[0.00212378 0.96674863 0.02925365 0.00187395],1,[0.02743033 0.93860875 0.03223114 0.00172978],1,[0.16813136 0.7428159  0.07239563 0.01665711],1,[0.04 0.91 0.   0.05],1,[5.9751130e-04 9.9769175e-01 4.6390929e-04 1.2468845e-03],1,[6.38582694e-07 9.99997640e-01 8.31892356e-07 8.89267236e-07],1,[1.65989162e-04 9.99804438e-01 2.86167918e-05 9.55789135e-07],1,[5.05098633e-02 9.36801697e-01 1.24918340e-02 1.96605455e-04],1,[1.02207637e-02 9.84408987e-01 1.40954401e-04 5.22931372e-03],1,[0.00148966 0.99517559 0.00195166 0.0013831 ],1,[0. 1. 0. 0.],1,[0.1207047  0.63997823 0.11644191 0.12287521],1,[1.05979499e-06 9.99997005e-01 5.27577462e-07 1.40718025e-06],1,[3.32708924e-02 9.64388647e-01 2.29613142e-03 4.43293905e-05],1,[5.19902188e-02 9.42978652e-01 4.84399500e-03 1.87134638e-04]
2597.0,6,0.6715440893338468,0,14,61.0,0.1185983827493261,2023,0.986166119040886,93975.869,0,0.0016905410751535,30,113.0,2,30,169.0,1,0.0650750866384289,0.0079221978958607,197,0.0777820562187139,202.0,1744,0,0.0435117443203696,0.0234886407393145,647.7942317330918,308.0,0,1,5,0,0,0.986166119040886,0,대구,59이하,G81,재활의학과,2022,2902.0,823921.0,18,10,0,0,[0.89 0.07 0.   0.04],0,[9.9611169e-01 2.0415417e-03 7.1723247e-04 1.1295634e-03],0,[9.99996810e-01 1.88863247e-06 3.59521087e-07 9.41949146e-07],0,[9.99887470e-01 9.31417901e-05 5.86505200e-06 1.35230748e-05],0,[0.84282277 0.14939081 0.00300502 0.00478139],0,[0.91 0.03 0.01 0.05],0,[9.9843878e-01 8.4988610e-04 2.1462885e-04 4.9676088e-04],0,[9.99998150e-01 8.45008502e-07 5.16395877e-07 4.88465405e-07],0,[9.99993791e-01 4.89042043e-06 3.69670434e-09 1.31458203e-06],0,[0.88561102 0.10892793 0.00269796 0.00276309],0,[0.89 0.07 0.   0.04],0,[9.9611169e-01 2.0415417e-03 7.1723247e-04 1.1295634e-03],0,[9.99996810e-01 1.88863247e-06 3.59521087e-07 9.41949146e-07],0,[9.99887470e-01 9.31417901e-05 5.86505200e-06 1.35230748e-05],0,[0.84282277 0.14939081 0.00300502 0.00478139],0,[0.41 0.28 0.07 0.24],0,[0.96661055 0.01516658 0.00704685 0.011176  ],0,[9.97330639e-01 2.64533155e-03 2.03122310e-05 3.71679678e-06],1,[2.83363184e-02 9.70865208e-01 3.65693745e-04 4.32780320e-04],0,[0.77160321 0.11902693 0.07281617 0.03655369],0,[0.88 0.08 0.   0.04],0,[9.9846917e-01 8.7084493e-04 1.4747919e-04 5.1247090e-04],0,[9.99997991e-01 8.77414921e-07 4.80927960e-07 6.50615191e-07],0,[9.99967050e-01 1.45652258e-05 1.51320685e-09 1.83831048e-05],0,[0.88093952 0.11348842 0.00263864 0.00293342],0,[9.71527125e-01 1.80108576e-02 1.79397998e-04 1.02826263e-02],0,[0.98859692 0.00471224 0.00353387 0.00315698],0,[1. 0. 0. 0.],0,[0.6375611  0.13354306 0.11303105 0.11586484],0,[9.99996810e-01 1.88863247e-06 3.59521087e-07 9.41949146e-07],0,[9.97284690e-01 2.69501935e-03 1.73004662e-05 2.99015285e-06],0,[0.85465807 0.14068345 0.00301673 0.00164175]
4759.0,0,0.7163269594452616,0,4,88.0,0.1828115150241647,2022,0.9897351919341348,1325422.0,0,0.0009322458058779,30,32.0,1,30,12.0,31,0.0025215381382643,0.0074997007369683,100,0.0731246060096659,348.0,3409,0,0.0067241017020382,0.0184912796806051,1321.6290578928215,870.0,0,1,4,1,0,0.9897351919341348,1,대전,59이하,E11,내과,2022,2497.0,545543.0,9,1,0,1,[0.04 0.93 0.01 0.02],1,[3.3608440e-04 9.9906367e-01 2.0354807e-04 3.9665774e-04],1,[6.52164026e-07 9.99998090e-01 3.49445779e-07 9.07935880e-07],1,[3.59307005e-06 9.99979475e-01 1.60826733e-05 8.49120983e-07],1,[0.01823428 0.97720834 0.0014541  0.00310328],1,[0.01 0.81 0.02 0.16],1,[4.9175060e-04 9.9830437e-01 4.7263101e-04 7.3118554e-04],1,[3.53421143e-07 9.99998864e-01 2.83296849e-07 4.99222944e-07],1,[1.52773623e-09 9.99999887e-01 7.47933538e-08 3.66554133e-08],1,[1.53317572e-02 9.82812611e-01 1.58715044e-03 2.68480943e-04],1,[0.04 0.93 0.01 0.02],1,[3.3608440e-04 9.9906367e-01 2.0354807e-04 3.9665774e-04],1,[6.52164026e-07 9.99998090e-01 3.49445779e-07 9.07935880e-07],1,[3.59307005e-06 9.99979475e-01 1.60826733e-05 8.49120983e-07],1,[0.01823428 0.97720834 0.0014541  0.00310328],1,[0.25 0.51 0.1  0.14],1,[0.01309114 0.9583469  0.01507658 0.01348535],1,[1.05866955e-03 9.93696827e-01 4.66267970e-03 5.81823554e-04],1,[0.00358058 0.9744856  0.02095249 0.00098132],1,[0.01456835 0.9537828  0.02441671 0.00723214],1,[0.03 0.91 0.01 0.05],1,[4.4610864e-04 9.9823785e-01 6.1060081e-04 7.0543756e-04],1,[4.85754065e-07 9.99998540e-01 3.74358094e-07 5.99851635e-07],1,[8.89788377e-09 9.99999928e-01 4.98529248e-08 1.27635391e-08],1,[1.23798824e-02 9.85807613e-01 1.68007034e-03 1.32434693e-04],1,[0.01008418 0.98226544 0.00255097 0.00509939],1,[0.00149883 0.99514186 0.00196438 0.00139494],1,[0. 1. 0. 0.],1,[0.11752812 0.64355314 0.11694702 0.12197173],1,[6.52164026e-07 9.99998090e-01 3.49445779e-07 9.07935880e-07],1,[6.18850838e-04 9.99181215e-01 1.98040186e-04 1.89442910e-06],1,[2.25280058e-02 9.75517530e-01 1.23404277e-03 7.20421819e-04]
7937.0,0,0.6140859266725464,0,4,415.0,0.1598840871865944,2022,0.9897351919341348,681597976.0,0,0.0009322458058779,30,405.0,1,30,456.0,31,0.0574524379488471,0.0074997007369683,100,0.0652639536348746,518.0,4874,0,0.0510268363361471,0.0522867582209903,1770.8426713479284,1269.0,0,1,4,0,0,0.9897351919341348,3,대전,59이하,C34,내과,2022,2329.0,1011117.0,6,1,0,3,[0.01 0.13 0.01 0.85],3,[8.6245744e-04 1.4544148e-03 9.6178491e-04 9.9672133e-01],3,[1.52539361e-06 4.86813286e-06 1.28017606e-06 9.99992326e-01],3,[7.96195748e-04 4.09600739e-06 4.39199805e-03 9.94807710e-01],3,[0.01122567 0.08756939 0.03866559 0.86253936],3,[0.01 0.16 0.   0.83],3,[3.2099127e-04 4.0984974e-04 3.4876887e-04 9.9892044e-01],3,[5.19129192e-07 3.72497364e-07 8.58569510e-07 9.99998250e-01],3,[6.91414249e-05 2.34298829e-05 1.23336671e-03 9.98674062e-01],3,[0.00213462 0.02738498 0.10731276 0.86316764],3,[0.01 0.13 0.01 0.85],3,[8.6245744e-04 1.4544148e-03 9.6178491e-04 9.9672133e-01],3,[1.52539361e-06 4.86813286e-06 1.28017606e-06 9.99992326e-01],3,[7.96195748e-04 4.09600739e-06 4.39199805e-03 9.94807710e-01],3,[0.01122567 0.08756939 0.03866559 0.86253936],3,[0.09 0.22 0.15 0.54],3,[0.01040005 0.0168143  0.01667173 0.95611393],3,[4.62815057e-06 1.25707136e-04 2.17741085e-03 9.97692254e-01],1,[0.16264077 0.52682885 0.03889682 0.27163356],3,[0.03909908 0.31480698 0.08329628 0.56279767],3,[0.01 0.09 0.   0.9 ],3,[2.6500638e-04 3.2739248e-04 2.4814074e-04 9.9915946e-01],3,[3.99008800e-07 4.95362147e-07 5.89375640e-07 9.99998516e-01],3,[2.18699962e-04 1.40264868e-05 1.90091002e-03 9.97866364e-01],3,[6.32252440e-04 1.05369507e-02 9.18728092e-02 8.96957988e-01],3,[0.002716   0.03286482 0.00274077 0.96167841],3,[0.00300923 0.00356469 0.00656252 0.98686356],3,[0. 0. 0. 1.],3,[0.12181842 0.1511681  0.1173986  0.6096149 ],3,[1.52539361e-06 4.86813286e-06 1.28017606e-06 9.99992326e-01],3,[9.60372429e-05 1.55585576e-06 2.62056886e-03 9.97281838e-01],3,[7.33205821e-04 7.03735438e-03 6.39246812e-03 9.85836972e-01]
2171.0,0,0.5665591893136803,0,10,74.0,0.399355135882082,2021,0.4609368678296513,666947017.0,2,0.143414865922015,30,0.0,0,30,0.0,30,0.0,0.1708597237236566,104,0.0,0.0,1230,60,0.0,0.0340856748042376,591.1787659695951,867.0,4,1,5,1,0,0.4609368678296513,3,대전,59이하,M75,정형외과,2022,2324.0,691320.0,67,12,0,3,[0.13 0.29 0.12 0.46],3,[0.00160817 0.00207799 0.00265208 0.99366176],3,[2.32790086e-06 4.27559579e-06 1.37006469e-06 9.99992026e-01],0,[0.61797042 0.01711802 0.06891488 0.29599669],3,[0.08898891 0.06139355 0.21401705 0.63560049],3,[0.13 0.28 0.1  0.49],3,[5.1762175e-04 5.1174453e-04 8.2785601e-04 9.9814284e-01],3,[5.94765929e-07 5.97407280e-07 1.61565561e-06 9.99997192e-01],1,[1.99776298e-01 7.83864386e-01 8.27260685e-06 1.63510431e-02],3,[0.04737529 0.04775447 0.36555409 0.53931615],3,[0.13 0.29 0.12 0.46],3,[0.00160817 0.00207799 0.00265208 0.99366176],3,[2.32790086e-06 4.27559579e-06 1.37006469e-06 9.99992026e-01],0,[0.61797042 0.01711802 0.06891488 0.29599669],3,[0.08898891 0.06139355 0.21401705 0.63560049],3,[0.28 0.15 0.25 0.32],3,[0.01069234 0.0116582  0.02383403 0.9538154 ],3,[2.90263112e-06 9.05223173e-05 4.97422030e-03 9.94932355e-01],1,[0.03641799 0.67621012 0.28498766 0.00238423],2,[0.23354137 0.02572967 0.73899184 0.00173712],3,[0.13 0.24 0.05 0.58],3,[6.3258340e-04 6.3668139e-04 1.2031028e-03 9.9752766e-01],3,[7.36959484e-07 1.12829535e-06 1.72099101e-06 9.99996414e-01],1,[1.50049057e-02 9.82558055e-01 3.31044892e-07 2.43670824e-03],3,[0.02798616 0.0342106  0.29778778 0.64001546],3,[0.03290262 0.07302057 0.03066336 0.86341345],3,[0.00550528 0.00640974 0.01063997 0.97744501],3,[0. 0. 0. 1.],3,[0.12899457 0.14636068 0.12020465 0.6044401 ],3,[2.32790086e-06 4.27559579e-06 1.37006469e-06 9.99992026e-01],0,[0.97018694 0.02361546 0.00436412 0.00183347],3,[1.06705991e-02 7.54561103e-04 4.39493612e-02 9.44625479e-01]
26265.0,4,0.7480296973158196,0,2,1390.0,0.122139729678279,2022,0.996996731480962,1930406.0,0,0.0004791649526022,30,576.0,1,30,1139.0,72,0.0433656957928802,0.0006122061874975,595,0.0116124119550732,305.0,19647,0,0.0219303255282695,0.0529221397296782,7549.504056558947,3208.0,0,1,4,0,0,0.996996731480962,1,대전,59이하,I50,내과,2022,2270.0,793286.0,29,1,0,1,[0.   0.92 0.   0.08],1,[9.1014657e-04 9.9765342e-01 6.0730532e-04 8.2910259e-04],1,[2.58284402e-06 9.99993104e-01 1.23877818e-06 3.07408108e-06],1,[8.55420345e-07 9.99999141e-01 1.33331709e-09 1.84575201e-09],1,[1.56457002e-08 9.99877931e-01 9.42613184e-05 2.77916452e-05],1,[0.   0.97 0.   0.03],1,[5.656221e-04 9.975083e-01 1.225607e-03 7.005130e-04],1,[1.31496574e-06 9.99996225e-01 1.31275042e-06 1.14714100e-06],1,[1.09290960e-05 9.99989071e-01 2.74050396e-16 5.02449018e-11],1,[6.66317240e-10 9.98822234e-01 1.17773663e-03 2.82767685e-08],1,[0.   0.92 0.   0.08],1,[9.1014657e-04 9.9765342e-01 6.0730532e-04 8.2910259e-04],1,[2.58284402e-06 9.99993104e-01 1.23877818e-06 3.07408108e-06],1,[8.55420345e-07 9.99999141e-01 1.33331709e-09 1.84575201e-09],1,[1.56457002e-08 9.99877931e-01 9.42613184e-05 2.77916452e-05],1,[0.18 0.42 0.12 0.28],1,[0.01097144 0.96481866 0.01324342 0.01096644],1,[0.00255594 0.88867044 0.10567903 0.00309459],3,[7.03676397e-03 2.97275968e-04 1.15067497e-05 9.92654453e-01],1,[2.25090846e-07 9.99730835e-01 1.51624870e-04 1.17315405e-04],1,[0.   0.91 0.   0.09],1,[5.8013934e-04 9.9711609e-01 1.6441286e-03 6.5959949e-04],1,[1.33220043e-06 9.99996571e-01 1.08092191e-06 1.01604568e-06],1,[3.73895197e-05 9.99962610e-01 6.44458926e-14 1.75490487e-11],1,[6.62394024e-10 9.98760654e-01 1.23934221e-03 2.82127401e-09],1,[2.28182353e-04 9.79411632e-01 1.52136025e-04 2.02080442e-02],1,[0.00143723 0.99508593 0.00196681 0.00151003],1,[0. 1. 0. 0.],1,[0.12031846 0.64175516 0.11631729 0.12160909],1,[2.58284402e-06 9.99993104e-01 1.23877818e-06 3.07408108e-06],1,[1.29520209e-01 8.70351875e-01 8.70009879e-05 4.09152965e-05],1,[1.04110473e-08 9.98021821e-01 1.87095223e-03 1.07216554e-04]
3238.0,9,0.5941939468807906,0,10,40.0,0.0833848054354539,2023,0.7753308173802544,101707.895,0,0.0577814915240418,30,274.0,2,30,230.0,64,0.0710315009264978,0.0753003346527039,99,0.1544163063619518,500.0,1924,0,0.0846201358863496,0.0123533045089561,693.8027577537198,270.0,0,1,3,0,0,0.7753308173802544,0,대전,59이하,C16,내과,2022,2235.0,703462.0,2,1,0,0,[0.76 0.15 0.02 0.07],0,[9.9621814e-01 1.8513394e-03 8.0079481e-04 1.1296842e-03],0,[9.99995822e-01 2.28845961e-06 5.23243131e-07 1.36617282e-06],0,[9.99377766e-01 6.16028490e-04 9.29717443e-07 5.27601556e-06],0,[0.80833139 0.17084215 0.00866145 0.01216501],0,[0.66 0.17 0.04 0.13],0,[9.9831676e-01 8.4978220e-04 2.8599892e-04 5.4752483e-04],0,[9.99997354e-01 1.37734848e-06 6.21129927e-07 6.47456265e-07],0,[9.99646234e-01 8.66051207e-05 2.44393630e-09 2.67158781e-04],0,[0.89056324 0.09304245 0.01116102 0.00523328],0,[0.76 0.15 0.02 0.07],0,[9.9621814e-01 1.8513394e-03 8.0079481e-04 1.1296842e-03],0,[9.99995822e-01 2.28845961e-06 5.23243131e-07 1.36617282e-06],0,[9.99377766e-01 6.16028490e-04 9.29717443e-07 5.27601556e-06],0,[0.80833139 0.17084215 0.00866145 0.01216501],0,[0.43 0.16 0.18 0.23],0,[0.9672436  0.01404554 0.00752751 0.01118332],0,[9.98833324e-01 1.13392448e-03 2.99790440e-05 2.77285774e-06],1,[0.39851746 0.45343691 0.00436211 0.14368352],0,[0.72667475 0.06530785 0.07674529 0.13127211],0,[0.63 0.23 0.05 0.09],0,[9.9851888e-01 8.7088824e-04 2.0846911e-04 4.0180943e-04],0,[9.99998042e-01 7.46376950e-07 5.09466246e-07 7.02545492e-07],0,[9.99448780e-01 2.93266186e-04 1.86476089e-09 2.57951998e-04],0,[0.92227362 0.06744268 0.00716533 0.00311837],0,[0.93905349 0.03796341 0.00520033 0.01778276],0,[0.98601841 0.00602729 0.0040993  0.00385501],0,[1. 0. 0. 0.],0,[0.620563   0.13193929 0.11596797 0.13152976],0,[9.99995822e-01 2.28845961e-06 5.23243131e-07 1.36617282e-06],0,[9.88306070e-01 1.16496504e-02 2.33321163e-05 2.09478972e-05],0,[0.82002238 0.17349081 0.00489253 0.00159428]
3035.0,0,0.6619439868204283,0,4,9.0,0.2247116968698517,2021,0.7753308173802544,968582336.0,0,0.0577814915240418,30,0.0,0,30,0.0,32,0.0,0.0753003346527039,220,0.1103789126853377,335.0,2009,0,0.0,0.0029654036243822,877.6302847251037,682.0,0,1,3,1,0,0.7753308173802544,3,부산,59이하,I69,신경과,2022,2017.0,582828.0,32,4,0,3,[0.02 0.24 0.01 0.73],3,[0.00124349 0.00186269 0.00144494 0.9954489 ],3,[2.41301622e-06 4.42883537e-06 1.36278909e-06 9.99991795e-01],3,[7.54368884e-06 7.11747611e-06 4.11842820e-03 9.95866911e-01],3,[0.00136948 0.00527111 0.0156519  0.97770751],3,[0.02 0.32 0.   0.66],3,[3.8014544e-04 3.8618123e-04 5.3119217e-04 9.9870241e-01],3,[5.01056511e-07 7.49086246e-07 1.10302744e-06 9.99997647e-01],3,[2.06455745e-06 1.96021227e-04 9.68221223e-04 9.98833693e-01],3,[7.66359365e-05 5.39442406e-04 1.17001787e-02 9.87683743e-01],3,[0.02 0.24 0.01 0.73],3,[0.00124349 0.00186269 0.00144494 0.9954489 ],3,[2.41301622e-06 4.42883537e-06 1.36278909e-06 9.99991795e-01],3,[7.54368884e-06 7.11747611e-06 4.11842820e-03 9.95866911e-01],3,[0.00136948 0.00527111 0.0156519  0.97770751],3,[0.21 0.25 0.11 0.43],3,[0.01039254 0.01133132 0.02285258 0.95542353],3,[4.39914048e-06 7.34114318e-05 4.03397357e-03 9.95888216e-01],3,[0.13033618 0.15924068 0.11343224 0.5969909 ],2,[0.04848467 0.20644254 0.45641056 0.28866223],3,[0.01 0.22 0.   0.77],3,[3.6888776e-04 3.9359284e-04 5.0635322e-04 9.9873120e-01],3,[6.26202249e-07 1.01663175e-06 1.15292336e-06 9.99997204e-01],3,[2.10505718e-06 7.62774145e-05 7.59173282e-05 9.99845700e-01],3,[1.42441794e-05 1.11806309e-04 6.41196825e-03 9.93461981e-01],3,[0.00531147 0.06046678 0.00286158 0.93136017],3,[0.00353897 0.00457702 0.00769674 0.98418728],3,[0. 0. 0. 1.],3,[0.12033868 0.1523093  0.11923579 0.6081162 ],3,[2.41301622e-06 4.42883537e-06 1.36278909e-06 9.99991795e-01],3,[6.59284794e-06 1.77349115e-05 1.49694266e-03 9.98478730e-01],3,[1.72001483e-04 1.64533187e-04 1.03216011e-02 9.89341864e-01]
4521.0,6,0.7261667772616678,0,14,116.0,0.0997566909975669,2023,0.986166119040886,127431.0,0,0.0016905410751535,30,182.0,2,30,225.0,1,0.0497677504976775,0.0079221978958607,197,0.0583941605839416,264.0,3283,0,0.0402565804025658,0.0256580402565804,1244.3325520133274,451.0,0,1,5,0,0,0.986166119040886,0,대전,59이하,S32,신경외과,2022,1950.0,495413.0,81,5,0,0,[0.73 0.19 0.05 0.03],0,[9.9420786e-01 3.8654965e-03 7.9917890e-04 1.1274045e-03],0,[9.99993537e-01 3.91681558e-06 7.03523743e-07 1.84307116e-06],0,[9.54507193e-01 4.48059549e-02 5.39254487e-04 1.47598029e-04],0,[0.57738054 0.41064875 0.00561087 0.00635984],0,[0.61 0.31 0.01 0.07],0,[9.9797541e-01 1.2096334e-03 3.5414309e-04 4.6086338e-04],0,[9.99998344e-01 5.73678276e-07 5.46964220e-07 5.35170570e-07],0,[9.67231552e-01 3.26085460e-02 6.74942021e-05 9.24079943e-05],0,[0.56586581 0.42417422 0.00730087 0.00265911],0,[0.73 0.19 0.05 0.03],0,[9.9420786e-01 3.8654965e-03 7.9917890e-04 1.1274045e-03],0,[9.99993537e-01 3.91681558e-06 7.03523743e-07 1.84307116e-06],0,[9.54507193e-01 4.48059549e-02 5.39254487e-04 1.47598029e-04],0,[0.57738054 0.41064875 0.00561087 0.00635984],0,[0.42 0.3  0.08 0.2 ],0,[0.96642125 0.01516361 0.00724128 0.01117381],0,[9.97318480e-01 2.64529930e-03 3.33459307e-05 2.87451922e-06],1,[1.95617670e-03 9.97573502e-01 4.04802318e-04 6.55192494e-05],0,[0.66012384 0.22394066 0.08262335 0.03331215],0,[0.62 0.27 0.04 0.07],0,[9.9815720e-01 1.1955033e-03 1.4743311e-04 4.9988594e-04],0,[9.99997935e-01 8.77427842e-07 5.78836591e-07 6.08300121e-07],0,[8.56676630e-01 1.42964764e-01 4.77640288e-05 3.10842159e-04],0,[0.58134369 0.41009007 0.00635048 0.00221577],0,[0.93105035 0.04846735 0.01269997 0.00778231],0,[0.98534543 0.00654548 0.00426464 0.00384445],0,[1. 0. 0. 0.],0,[0.5917112  0.15399544 0.12563343 0.1286599 ],0,[9.99993537e-01 3.91681558e-06 7.03523743e-07 1.84307116e-06],0,[8.72872006e-01 1.26546941e-01 5.61874003e-04 1.91798275e-05],0,[0.599662   0.39650575 0.00284448 0.00098776]
11370.0,5,0.2627088830255057,0,1,62.0,0.0258575197889182,2021,0.5528952611871295,778061.0,0,0.0764749018128559,30,849.0,0,30,850.0,89,0.0747581354441512,0.1860166213720828,6328,0.5565523306948109,6328.0,2987,0,0.0746701846965699,0.0054529463500439,2406.374201989375,294.0,0,1,3,0,0,0.5528952611871295,1,대전,59이하,N18,내과,2022,1879.0,588709.0,69,1,0,1,[0.15 0.61 0.04 0.2 ],1,[8.1519480e-04 9.9785739e-01 5.2062765e-04 8.0682046e-04],1,[4.46923590e-07 9.99998606e-01 2.65419628e-07 6.81783769e-07],1,[1.88008290e-02 9.80420746e-01 2.57273435e-04 5.21151685e-04],1,[0.12745062 0.82912741 0.01307879 0.03034319],1,[0.12 0.6  0.02 0.26],1,[6.4091291e-04 9.9713624e-01 1.5496182e-03 6.7323475e-04],1,[3.89647364e-07 9.99998792e-01 4.69120557e-07 3.48798517e-07],1,[2.04663646e-02 9.48857178e-01 6.34735686e-07 3.06758230e-02],1,[0.06775081 0.91318948 0.01127504 0.00778468],1,[0.15 0.61 0.04 0.2 ],1,[8.1519480e-04 9.9785739e-01 5.2062765e-04 8.0682046e-04],1,[4.46923590e-07 9.99998606e-01 2.65419628e-07 6.81783769e-07],1,[1.88008290e-02 9.80420746e-01 2.57273435e-04 5.21151685e-04],1,[0.12745062 0.82912741 0.01307879 0.03034319],0,[0.33 0.16 0.31 0.2 ],1,[0.02116153 0.93715674 0.01988294 0.02179876],1,[0.00335941 0.96714956 0.02810593 0.00138511],2,[0.20742418 0.00220491 0.75851374 0.03185717],0,[0.64265621 0.02441754 0.23205942 0.10086682],1,[0.17 0.58 0.02 0.23],1,[6.5377844e-04 9.9718082e-01 1.6159135e-03 5.4954994e-04],1,[9.03209926e-07 9.99996667e-01 1.29634751e-06 1.13305814e-06],1,[1.16580616e-02 9.83837283e-01 1.04804187e-05 4.49417511e-03],1,[0.16476658 0.8159213  0.01361932 0.0056928 ],1,[0.03770391 0.901964   0.01013022 0.05020188],1,[0.00233664 0.99262548 0.00264581 0.00239208],1,[0. 1. 0. 0.],1,[0.13689817 0.60680276 0.12144282 0.13485621],1,[4.46923590e-07 9.99998606e-01 2.65419628e-07 6.81783769e-07],1,[0.04533769 0.93972395 0.0037119  0.01122646],1,[0.09620335 0.88926932 0.0127455  0.00178183]
9759.0,4,0.6108207808177067,0,1,586.0,0.1084127472077057,2022,0.7791566874546125,1977689.578,0,0.055563916174202,30,598.0,1,30,579.0,69,0.0593298493698124,0.0935446679214047,122,0.1001127164668511,977.0,5961,0,0.0612767701608771,0.0600471359770468,2134.0403698149667,1058.0,0,1,4,0,0,0.7791566874546125,1,대전,59이하,S06,신경외과,2022,1777.0,505687.0,79,5,0,1,[0.02 0.9  0.   0.08],1,[1.1031134e-03 9.9663663e-01 7.7618094e-04 1.4840483e-03],1,[9.96859123e-07 9.99997205e-01 5.03058457e-07 1.29506151e-06],1,[1.04468858e-04 9.99860120e-01 1.83561038e-05 1.70547468e-05],1,[0.01506514 0.96925173 0.00899016 0.00669297],1,[0.03 0.72 0.   0.25],1,[6.3638494e-04 9.9720347e-01 9.8910672e-04 1.1711058e-03],1,[7.42645784e-07 9.99997569e-01 7.49127623e-07 9.39448922e-07],1,[2.29884519e-05 9.99963078e-01 2.46625462e-07 1.36871450e-05],1,[1.06274548e-02 9.56350809e-01 3.25478377e-02 4.73898709e-04],1,[0.02 0.9  0.   0.08],1,[1.1031134e-03 9.9663663e-01 7.7618094e-04 1.4840483e-03],1,[9.96859123e-07 9.99997205e-01 5.03058457e-07 1.29506151e-06],1,[1.04468858e-04 9.99860120e-01 1.83561038e-05 1.70547468e-05],1,[0.01506514 0.96925173 0.00899016 0.00669297],1,[0.28 0.33 0.12 0.27],1,[0.012667   0.9623829  0.01190165 0.01304844],1,[0.00577989 0.88288803 0.10308078 0.0082513 ],3,[0.29180689 0.30833425 0.05823415 0.34162471],1,[0.06571677 0.63217365 0.06062445 0.24148513],1,[0.03 0.83 0.   0.14],1,[6.4920040e-04 9.9736589e-01 8.0482377e-04 1.1801510e-03],1,[6.28178219e-07 9.99997561e-01 7.06042062e-07 1.10468203e-06],1,[2.48522149e-05 9.99966332e-01 3.50436070e-06 5.31169791e-06],1,[1.48528532e-02 9.44175807e-01 4.06223934e-02 3.48946890e-04],1,[5.27602757e-03 9.74158459e-01 1.94170999e-04 2.03713358e-02],1,[0.00150689 0.99493478 0.00201215 0.00154618],1,[0. 1. 0. 0.],1,[0.12511478 0.61643785 0.12069191 0.13775541],1,[9.96859123e-07 9.99997205e-01 5.03058457e-07 1.29506151e-06],1,[0.10851392 0.88647521 0.00363881 0.00137206],1,[9.10920602e-03 9.75759451e-01 1.46586921e-02 4.72650941e-04]
2188.0,11,0.6357404021937842,0,10,63.0,0.0991773308957952,2023,0.9892492695221144,220890.911,0,0.0011064236002775,30,1.0,2,30,235.0,18,0.1074040219378427,0.0060667769563587,2350,0.1284277879341864,281.0,1391,0,0.0004570383912248,0.0287934186471663,514.2441702797094,217.0,0,1,4,0,0,0.9892492695221144,0,대구,59이하,M50,재활의학과,2022,1519.0,476027.0,64,10,0,0,[0.89 0.08 0.01 0.02],0,[9.9660987e-01 1.5976017e-03 8.0110971e-04 9.9144282e-04],0,[9.99995495e-01 2.41214980e-06 5.90861840e-07 1.50224093e-06],0,[9.99863469e-01 4.25967764e-05 1.20777281e-05 8.18560448e-05],0,[0.8796941  0.10798929 0.00420317 0.00811345],0,[0.81 0.1  0.03 0.06],0,[9.9831557e-01 8.4978121e-04 3.0920518e-04 5.2540365e-04],0,[9.99998051e-01 7.43530846e-07 6.69076580e-07 5.36400343e-07],0,[9.99994746e-01 3.46220591e-06 9.00474308e-11 1.79169324e-06],0,[0.94140945 0.04715239 0.00136997 0.01006819],0,[0.89 0.08 0.01 0.02],0,[9.9660987e-01 1.5976017e-03 8.0110971e-04 9.9144282e-04],0,[9.99995495e-01 2.41214980e-06 5.90861840e-07 1.50224093e-06],0,[9.99863469e-01 4.25967764e-05 1.20777281e-05 8.18560448e-05],0,[0.8796941  0.10798929 0.00420317 0.00811345],0,[0.46 0.23 0.16 0.15],0,[0.9638999  0.01512405 0.00983141 0.01114466],0,[9.98656691e-01 1.31345544e-03 2.78257360e-05 2.02744052e-06],1,[0.10857975 0.88325784 0.00709082 0.0010716 ],0,[0.58503826 0.1314553  0.24604829 0.03745815],0,[0.8  0.11 0.03 0.06],0,[9.9849641e-01 8.7086862e-04 3.0479598e-04 3.2792491e-04],0,[9.99997922e-01 7.97956188e-07 6.18749399e-07 6.60806674e-07],0,[9.99978506e-01 3.75414052e-06 1.50168145e-11 1.77400961e-05],0,[0.93678825 0.05045309 0.00195477 0.01080389],0,[0.97165134 0.0204     0.00270043 0.00524824],0,[0.98863451 0.00474812 0.00353357 0.00308379],0,[1. 0. 0. 0.],0,[0.62249875 0.14315148 0.11514738 0.11920243],0,[9.99995495e-01 2.41214980e-06 5.90861840e-07 1.50224093e-06],0,[9.98312089e-01 1.68163298e-03 4.83306076e-06 1.44484660e-06],0,[0.88352924 0.09368543 0.01684488 0.00594045]
5260.0,9,0.7283269961977187,0,12,103.0,0.1211026615969581,2022,0.997340060483719,2366164.0,0,0.0007030929848726,30,244.0,1,30,149.0,60,0.0283269961977186,0.001251793382787,413,0.0562737642585551,296.0,3831,0,0.0463878326996197,0.0195817490494296,1459.5222049241552,637.0,0,1,4,1,0,0.997340060483719,1,인천,59이하,N40,비뇨의학과,2022,28597.0,2331293.0,72,2,0,1,[0.   0.92 0.02 0.06],1,[9.2928176e-04 9.9725777e-01 5.6281552e-04 1.2501872e-03],1,[1.25548602e-06 9.99996217e-01 6.89157163e-07 1.83795290e-06],1,[1.72090110e-06 9.99990175e-01 8.01885936e-06 8.55582884e-08],1,[0.04265911 0.94627844 0.00533845 0.005724  ],1,[0.04 0.8  0.   0.16],1,[5.9585454e-04 9.9791485e-01 5.6604610e-04 9.2327991e-04],1,[2.86813812e-07 9.99998843e-01 3.19888754e-07 5.50486083e-07],1,[2.68645902e-07 9.99999500e-01 2.17608275e-07 1.41883753e-08],1,[2.20038037e-02 9.73151493e-01 4.56585665e-03 2.78846733e-04],1,[0.   0.92 0.02 0.06],1,[9.2928176e-04 9.9725777e-01 5.6281552e-04 1.2501872e-03],1,[1.25548602e-06 9.99996217e-01 6.89157163e-07 1.83795290e-06],1,[1.72090110e-06 9.99990175e-01 8.01885936e-06 8.55582884e-08],1,[0.04265911 0.94627844 0.00533845 0.005724  ],1,[0.15 0.55 0.15 0.15],1,[0.01487318 0.9530918  0.01671401 0.01532106],1,[0.00264304 0.96726242 0.02776241 0.00233213],1,[0.00930404 0.69971604 0.27744667 0.01353326],1,[0.06732404 0.8324872  0.06492745 0.03526132],1,[0.03 0.9  0.02 0.05],1,[5.9759326e-04 9.9782854e-01 5.0583429e-04 1.0680031e-03],1,[4.66185301e-07 9.99998128e-01 5.05024247e-07 9.01102609e-07],1,[1.63655064e-07 9.99999521e-01 3.07863241e-07 7.57286671e-09],1,[2.82835130e-02 9.67474566e-01 4.15409081e-03 8.78302454e-05],1,[2.32634310e-04 9.79313497e-01 5.14087617e-03 1.53130063e-02],1,[0.00143881 0.99511012 0.00196789 0.00148318],1,[0. 1. 0. 0.],1,[0.11718328 0.6417111  0.11669701 0.1244086 ],1,[1.25548602e-06 9.99996217e-01 6.89157163e-07 1.83795290e-06],1,[2.01625538e-04 9.99768996e-01 2.89182964e-05 4.59835125e-07],1,[4.63687990e-02 9.51759904e-01 1.37721757e-03 4.94079271e-04]
267.0,9,0.2097378277153558,0,10,0.0,0.6554307116104869,2022,0.9912597094065374,57679.0,0,0.0009548967431471,30,36.0,1,30,0.0,66,0.0,0.0048424143641917,373,0.0,0.0,56,0,0.1348314606741573,0.0,68.08156872458214,175.0,0,1,3,1,0,0.9912597094065374,0,대전,59이하,E11,내과,2022,22845.0,2155582.0,9,1,0,0,[0.92 0.07 0.   0.01],0,[9.9584740e-01 2.2172411e-03 9.7786868e-04 9.5749926e-04],0,[9.99996991e-01 1.57587702e-06 4.07344201e-07 1.02583338e-06],0,[0.90484225 0.06166006 0.00131708 0.03218061],0,[0.82539038 0.15438041 0.00337525 0.01685396],0,[0.99 0.   0.   0.01],0,[9.9824727e-01 8.4972306e-04 5.1512191e-04 3.8796713e-04],0,[9.99995531e-01 1.67159446e-06 5.26778983e-07 2.27029228e-06],3,[3.71947887e-02 2.49284844e-03 2.78439003e-08 9.60312335e-01],0,[0.85049195 0.13862633 0.00111143 0.0097703 ],0,[0.92 0.07 0.   0.01],0,[9.9584740e-01 2.2172411e-03 9.7786868e-04 9.5749926e-04],0,[9.99996991e-01 1.57587702e-06 4.07344201e-07 1.02583338e-06],0,[0.90484225 0.06166006 0.00131708 0.03218061],0,[0.82539038 0.15438041 0.00337525 0.01685396],0,[0.63 0.15 0.15 0.07],0,[0.9629196  0.01618457 0.01009284 0.01080295],0,[9.92764399e-01 7.18904235e-03 4.28429049e-05 3.71571699e-06],3,[6.53894143e-05 4.39013846e-03 2.83024940e-05 9.95516170e-01],3,[0.0153322  0.38423552 0.01390822 0.58652406],0,[0.96 0.03 0.   0.01],0,[9.9826401e-01 8.7066594e-04 5.0986256e-04 3.5545873e-04],0,[9.99991338e-01 3.63714499e-06 1.63409709e-06 3.39040999e-06],0,[4.99043320e-01 3.44073335e-02 1.24411807e-08 4.66549334e-01],0,[0.89207287 0.10586106 0.00097505 0.00109102],0,[9.78961099e-01 1.80547042e-02 2.44569006e-04 2.73963127e-03],0,[0.98911524 0.00453014 0.0034222  0.00293242],0,[1. 0. 0. 0.],0,[0.6521211  0.1147235  0.1138002  0.11935513],0,[9.99996991e-01 1.57587702e-06 4.07344201e-07 1.02583338e-06],0,[9.92787367e-01 7.20962571e-03 7.53091029e-07 2.25383099e-06],0,[8.23240543e-01 1.74159174e-01 2.45796065e-04 2.35448723e-03]
2235.0,10,0.7355704697986577,0,1,116.0,0.1190156599552572,2022,0.7791566874546125,703462.0,0,0.055563916174202,30,83.0,1,30,75.0,2,0.0335570469798657,0.0935446679214047,66,0.0228187919463087,51.0,1644,0,0.0371364653243847,0.0519015659955257,627.6185943708169,266.0,0,1,4,1,0,0.7791566874546125,1,대전,59이하,U07,내과,2022,22771.0,1711673.0,85,1,0,1,[0.06 0.84 0.   0.1 ],1,[1.1204708e-03 9.9727434e-01 8.2598242e-04 7.7916851e-04],1,[1.50212333e-06 9.99996590e-01 5.20251670e-07 1.38750497e-06],1,[3.62979760e-04 9.99618384e-01 1.34818709e-06 1.72883902e-05],1,[0.24242127 0.73877923 0.00083706 0.01796243],1,[0.09 0.75 0.01 0.15],1,[7.5664691e-04 9.9835122e-01 3.9348006e-04 4.9872807e-04],1,[7.17240407e-07 9.99998052e-01 6.01046760e-07 6.29312946e-07],1,[4.94707976e-05 9.99934471e-01 5.86711666e-10 1.60579511e-05],1,[2.50035023e-01 7.44596623e-01 3.35736887e-04 5.03261709e-03],1,[0.06 0.84 0.   0.1 ],1,[1.1204708e-03 9.9727434e-01 8.2598242e-04 7.7916851e-04],1,[1.50212333e-06 9.99996590e-01 5.20251670e-07 1.38750497e-06],1,[3.62979760e-04 9.99618384e-01 1.34818709e-06 1.72883902e-05],1,[0.24242127 0.73877923 0.00083706 0.01796243],1,[0.2  0.4  0.16 0.24],1,[0.02178779 0.93800104 0.01843332 0.02177786],1,[0.00195597 0.98181085 0.01439398 0.0018392 ],0,[7.48739968e-01 5.81012595e-03 2.44607417e-04 2.45205298e-01],1,[0.32387419 0.41611384 0.02000386 0.24000811],1,[0.04 0.86 0.02 0.08],1,[7.6132402e-04 9.9837613e-01 2.4876266e-04 6.1374303e-04],1,[7.94664991e-07 9.99998145e-01 5.85998111e-07 4.73949998e-07],1,[1.97398099e-04 9.99787817e-01 1.04403398e-09 1.47837641e-05],1,[3.00953525e-01 6.91123035e-01 2.81546113e-04 7.64189389e-03],1,[1.52804932e-02 9.59317732e-01 2.06625669e-04 2.51951390e-02],1,[0.00167848 0.99450792 0.0021356  0.001678  ],1,[0. 1. 0. 0.],1,[0.11798293 0.6437067  0.11755417 0.12075617],1,[1.50212333e-06 9.99996590e-01 5.20251670e-07 1.38750497e-06],1,[4.67272504e-02 9.53202313e-01 3.67974574e-05 3.36391673e-05],1,[1.99879903e-01 7.93080278e-01 1.35903791e-04 6.90391532e-03]
352.0,7,0.7443181818181818,0,12,0.0,0.1448863636363636,2023,0.4609368678296513,91950.551,2,0.143414865922015,30,39.0,2,30,0.0,84,0.0,0.1708597237236566,0,0.0,0.0,262,60,0.1107954545454545,0.0,102.09342127025948,51.0,4,1,5,1,0,0.4609368678296513,0,부산,59이하,L30,피부과,2022,18226.0,707040.0,58,14,0,0,[0.96 0.03 0.01 0.  ],0,[9.9510151e-01 2.9645422e-03 9.7713631e-04 9.5678208e-04],0,[9.99995401e-01 2.74633982e-06 5.26577991e-07 1.32610915e-06],0,[9.92912027e-01 7.07464459e-03 2.26248550e-07 1.31018604e-05],0,[0.57484638 0.40823005 0.01274447 0.00417911],0,[0.95 0.03 0.02 0.  ],0,[9.9818510e-01 9.5626147e-04 5.1508989e-04 3.4351822e-04],0,[9.99995049e-01 2.18068590e-06 7.45889026e-07 2.02478815e-06],0,[9.99560474e-01 4.00625039e-04 4.02441610e-16 3.89012345e-05],0,[5.98154593e-01 3.93595064e-01 8.16785740e-03 8.24850456e-05],0,[0.96 0.03 0.01 0.  ],0,[9.9510151e-01 2.9645422e-03 9.7713631e-04 9.5678208e-04],0,[9.99995401e-01 2.74633982e-06 5.26577991e-07 1.32610915e-06],0,[9.92912027e-01 7.07464459e-03 2.26248550e-07 1.31018604e-05],0,[0.57484638 0.40823005 0.01274447 0.00417911],0,[0.53 0.22 0.2  0.05],0,[0.96408236 0.01499658 0.01010502 0.010816  ],0,[9.94819374e-01 5.11336654e-03 6.32678740e-05 3.99161318e-06],0,[9.80837701e-01 2.02759536e-03 3.23787378e-06 1.71314662e-02],0,[0.82596164 0.04762029 0.1233447  0.00307336],0,[0.95 0.04 0.01 0.  ],0,[9.9817789e-01 9.7398390e-04 4.7800032e-04 3.7015072e-04],0,[9.99993451e-01 4.00180643e-06 8.32562649e-07 1.71500653e-06],0,[9.97669686e-01 2.32294247e-03 4.49369385e-17 7.37185101e-06],0,[5.29285139e-01 4.68053700e-01 2.63271159e-03 2.84502784e-05],0,[9.88774228e-01 8.24182215e-03 2.74441572e-03 2.39527048e-04],0,[0.98981281 0.00414817 0.00327018 0.00276884],0,[1. 0. 0. 0.],0,[0.648747   0.1195612  0.11309216 0.11859964],0,[9.99995401e-01 2.74633982e-06 5.26577991e-07 1.32610915e-06],0,[9.79605597e-01 2.03631638e-02 2.05503024e-05 1.06890942e-05],0,[5.52877270e-01 4.46106664e-01 8.89223676e-04 1.26841645e-04]
5830.0,5,0.5161234991423671,0,1,11.0,0.1010291595197255,2021,0.7788719903384119,1675571.0,0,0.0576301328563729,30,655.0,0,30,397.0,91,0.0680960548885077,0.0803049423642309,814,0.2005145797598627,1169.0,3009,0,0.1123499142367066,0.0018867924528301,1066.7240817881009,589.0,0,1,0,0,0,0.7788719903384119,1,대전,59이하,M17,정형외과,2022,16286.0,2476727.0,60,12,0,1,[0.13 0.75 0.02 0.1 ],1,[6.2199496e-04 9.9806148e-01 3.9723981e-04 9.1923808e-04],1,[6.39331522e-07 9.99998346e-01 2.83832253e-07 7.30652203e-07],0,[9.93864924e-01 5.91525881e-03 1.78097476e-04 4.17196388e-05],0,[0.57484781 0.35682151 0.01902458 0.04930611],1,[0.16 0.49 0.13 0.22],1,[5.9794186e-04 9.9764866e-01 1.0773623e-03 6.7600427e-04],1,[2.39359679e-07 9.99998714e-01 5.29970234e-07 5.16504377e-07],0,[9.98609796e-01 7.08132895e-05 5.09439055e-06 1.31429652e-03],0,[0.87451965 0.09326939 0.0190084  0.01320255],1,[0.13 0.75 0.02 0.1 ],1,[6.2199496e-04 9.9806148e-01 3.9723981e-04 9.1923808e-04],1,[6.39331522e-07 9.99998346e-01 2.83832253e-07 7.30652203e-07],0,[9.93864924e-01 5.91525881e-03 1.78097476e-04 4.17196388e-05],0,[0.57484781 0.35682151 0.01902458 0.04930611],2,[0.23 0.23 0.28 0.26],1,[0.02180421 0.93524826 0.02048679 0.0224608 ],1,[0.00267398 0.9678147  0.02812526 0.00138606],0,[8.47252682e-01 4.68677100e-04 7.68898175e-04 1.51509742e-01],0,[0.68918156 0.05123414 0.02320819 0.23637611],1,[0.14 0.52 0.14 0.2 ],1,[5.3933758e-04 9.9742788e-01 1.3330553e-03 6.9976418e-04],1,[6.62468740e-07 9.99996656e-01 1.32933496e-06 1.35173391e-06],0,[9.98651197e-01 9.68266161e-05 2.14819338e-05 1.23049417e-03],0,[0.93816022 0.04268936 0.0119702  0.00718023],1,[0.03265566 0.93701496 0.00509938 0.02522999],1,[0.00199985 0.99381632 0.00233856 0.00184527],1,[0. 1. 0. 0.],1,[0.1281652  0.6064116  0.12401491 0.14140834],1,[6.39331522e-07 9.99998346e-01 2.83832253e-07 7.30652203e-07],0,[0.66378014 0.30720295 0.02209755 0.00691937],0,[0.59205241 0.40101824 0.00550849 0.00142085]
502.0,9,0.7709163346613546,0,5,0.0,0.045816733067729,2021,0.9831721622908682,135751.0,0,0.0015641931818948,30,0.0,0,30,66.0,68,0.1314741035856573,0.0093488879425567,184,0.0517928286852589,26.0,387,0,0.0,0.0,150.5518736737164,23.0,0,1,3,1,0,0.9831721622908682,0,대전,59이하,I20,내과,2022,14956.0,1750251.0,27,1,0,0,[0.86 0.09 0.03 0.02],0,[0.99519354 0.00268831 0.00103049 0.00108759],0,[9.99996735e-01 1.69466537e-06 4.55066637e-07 1.11533945e-06],1,[2.83424939e-01 7.12483829e-01 3.86221128e-03 2.29020670e-04],1,[0.32474955 0.63924091 0.01055261 0.02545693],0,[0.88 0.09 0.03 0.  ],0,[9.9765188e-01 9.5575064e-04 9.6624973e-04 4.2616107e-04],0,[9.99997145e-01 1.11589286e-06 7.34635064e-07 1.00463368e-06],0,[7.21195484e-01 2.78297169e-01 2.10917337e-07 5.07136071e-04],0,[0.52554555 0.45037507 0.01990584 0.00417353],0,[0.86 0.09 0.03 0.02],0,[0.99519354 0.00268831 0.00103049 0.00108759],0,[9.99996735e-01 1.69466537e-06 4.55066637e-07 1.11533945e-06],1,[2.83424939e-01 7.12483829e-01 3.86221128e-03 2.29020670e-04],1,[0.32474955 0.63924091 0.01055261 0.02545693],0,[0.58 0.13 0.22 0.07],0,[0.96319777 0.01511303 0.0105526  0.01113654],0,[9.97908844e-01 2.03195072e-03 5.61020654e-05 3.10305257e-06],2,[0.16218519 0.01194338 0.80249564 0.02337579],1,[0.2972243  0.40985491 0.24421834 0.04870245],0,[0.91 0.08 0.01 0.  ],0,[9.9774915e-01 9.7356556e-04 1.0330026e-03 2.4427968e-04],0,[9.99997471e-01 9.20615166e-07 6.35737359e-07 9.72518091e-07],1,[6.10304548e-02 9.37249449e-01 1.18769329e-06 1.71890859e-03],0,[0.60384939 0.3661994  0.02553577 0.00441544],0,[0.96379757 0.0231725  0.00775774 0.00527218],0,[0.98810696 0.00500551 0.0036657  0.00322183],0,[1. 0. 0. 0.],0,[0.6435499  0.12273332 0.11588749 0.1178293 ],0,[9.99996735e-01 1.69466537e-06 4.55066637e-07 1.11533945e-06],1,[4.78889231e-01 5.20743113e-01 3.08535353e-04 5.91206908e-05],1,[0.31668253 0.66662477 0.0138634  0.0028293 ]
1482.0,0,0.5377867746288799,0,4,148.0,0.3191632928475034,2022,0.9897351919341348,354120.0,0,0.0009322458058779,30,24.0,1,30,30.0,31,0.020242914979757,0.0074997007369683,100,0.0067476383265856,10.0,797,0,0.0161943319838056,0.0998650472334682,321.360856359327,473.0,0,1,4,1,0,0.9897351919341348,0,대전,59이하,M48,정형외과,2022,14638.0,3073947.0,63,12,0,0,[0.52 0.35 0.01 0.12],0,[9.9604791e-01 2.1097485e-03 1.0775685e-03 7.6480710e-04],0,[9.99996720e-01 1.90575289e-06 3.86908535e-07 9.87335295e-07],0,[8.48301901e-01 1.51049103e-01 1.56218943e-04 4.92777020e-04],1,[0.29493133 0.69428834 0.00255307 0.00822726],0,[0.62 0.3  0.02 0.06],0,[9.9846244e-01 8.2712347e-04 3.8077877e-04 3.2973132e-04],0,[9.99998139e-01 9.23762680e-07 4.82402067e-07 4.54755470e-07],0,[5.90912283e-01 4.07199495e-01 3.79782044e-07 1.88784226e-03],1,[0.42953331 0.56730672 0.00120576 0.00195421],0,[0.52 0.35 0.01 0.12],0,[9.9604791e-01 2.1097485e-03 1.0775685e-03 7.6480710e-04],0,[9.99996720e-01 1.90575289e-06 3.86908535e-07 9.87335295e-07],0,[8.48301901e-01 1.51049103e-01 1.56218943e-04 4.92777020e-04],1,[0.29493133 0.69428834 0.00255307 0.00822726],0,[0.41 0.28 0.14 0.17],0,[0.960658   0.01614656 0.0124178  0.01077758],0,[9.81166180e-01 1.86094339e-02 1.95615364e-04 2.87702678e-05],0,[0.48236957 0.42155494 0.00407628 0.09199921],1,[0.0782014  0.85255068 0.02896308 0.04028484],0,[0.57 0.37 0.02 0.04],0,[9.9838853e-01 8.2140509e-04 4.3163443e-04 3.5850154e-04],0,[9.99998295e-01 9.24416084e-07 4.52131638e-07 3.27984566e-07],1,[2.34915391e-01 7.64276607e-01 2.90756070e-07 8.07710832e-04],1,[0.35701558 0.64041829 0.00148035 0.00108578],0,[0.87901116 0.08802791 0.00276949 0.03019145],0,[0.97916757 0.00996528 0.0054068  0.00546034],0,[1. 0. 0. 0.],0,[0.57233566 0.15977238 0.1328491  0.13504285],0,[9.99996720e-01 1.90575289e-06 3.86908535e-07 9.87335295e-07],0,[7.13932248e-01 2.84336329e-01 1.60335018e-03 1.28072897e-04],1,[0.3264434  0.67102307 0.0013877  0.00114584]
2497.0,2,0.947136563876652,0,1,0.0,0.0408490188225871,2022,0.7791566874546125,545543.0,0,0.055563916174202,30,17.0,1,30,13.0,9,0.0052062474969963,0.0935446679214047,278,0.0,0.0,2365,0,0.0068081698037645,0.0,1161.225609718743,102.0,0,1,4,1,0,0.7791566874546125,1,대전,59이하,I10,내과,2022,14087.0,825945.0,26,1,0,1,[0.07 0.79 0.07 0.07],1,[7.411804e-04 9.981166e-01 6.455436e-04 4.967167e-04],1,[7.90145505e-07 9.99997901e-01 3.63801542e-07 9.45184176e-07],1,[2.90577435e-03 9.97055746e-01 2.97974959e-05 8.68197072e-06],1,[4.34731312e-02 9.52654483e-01 6.38352805e-04 3.23403310e-03],1,[0.03 0.92 0.02 0.03],1,[9.2353718e-04 9.9754107e-01 9.5127308e-04 5.8413699e-04],1,[3.91476525e-07 9.99998589e-01 3.08524199e-07 7.11331324e-07],1,[4.72507187e-05 9.99952576e-01 9.14639427e-09 1.64469375e-07],1,[4.04113008e-02 9.58895048e-01 3.75193090e-04 3.18458550e-04],1,[0.07 0.79 0.07 0.07],1,[7.411804e-04 9.981166e-01 6.455436e-04 4.967167e-04],1,[7.90145505e-07 9.99997901e-01 3.63801542e-07 9.45184176e-07],1,[2.90577435e-03 9.97055746e-01 2.97974959e-05 8.68197072e-06],1,[4.34731312e-02 9.52654483e-01 6.38352805e-04 3.23403310e-03],0,[0.35 0.34 0.22 0.09],1,[0.02726741 0.91320205 0.03227563 0.02725499],1,[0.00694738 0.96767268 0.02360193 0.00177801],0,[0.92929635 0.04918965 0.00234961 0.01916439],1,[0.19813346 0.74859246 0.02954273 0.02373134],1,[0.08 0.86 0.02 0.04],1,[9.0216077e-04 9.9791890e-01 7.1358896e-04 4.6536524e-04],1,[4.96699179e-07 9.99998566e-01 3.34374865e-07 6.03223012e-07],1,[2.00342120e-05 9.99979939e-01 1.68738402e-08 1.01799508e-08],1,[4.66137187e-02 9.52560497e-01 3.60511073e-04 4.65273542e-04],1,[0.01768549 0.94702863 0.01766148 0.01762442],1,[0.0017798  0.99426472 0.00223265 0.00172283],1,[0. 1. 0. 0.],1,[0.1164468  0.6419317  0.12258328 0.11903818],1,[7.90145505e-07 9.99997901e-01 3.63801542e-07 9.45184176e-07],1,[1.11629279e-02 9.88831988e-01 4.94550035e-06 1.38866610e-07],1,[3.03350624e-02 9.68238339e-01 4.59785760e-04 9.66813164e-04]
3737.0,9,0.6489162429756489,0,12,11.0,0.077067166176077,2022,0.9970475234363806,172092.0,0,0.0007837070166724,30,236.0,1,30,343.0,67,0.0917848541610917,0.0013813790109037,328,0.1161359379181161,434.0,2425,0,0.0631522611720631,0.0029435375970029,894.1882165778447,288.0,0,1,4,0,0,0.9970475234363806,0,대전,59이하,N18,내과,2022,12812.0,3035632.0,69,1,0,0,[0.59 0.31 0.06 0.04],0,[9.9506915e-01 2.8914199e-03 7.9987122e-04 1.2395661e-03],0,[9.99995798e-01 2.33492751e-06 5.31352897e-07 1.33556931e-06],0,[6.22675219e-01 3.66902313e-01 1.03806904e-02 4.17781146e-05],0,[0.69600391 0.25377135 0.03774873 0.01247601],0,[0.46 0.38 0.08 0.08],0,[9.9816895e-01 8.4965641e-04 4.3398811e-04 5.4744381e-04],0,[9.99997399e-01 1.28123312e-06 5.90482092e-07 7.29171841e-07],0,[7.40325350e-01 2.49058824e-01 1.02400077e-02 3.75818224e-04],0,[0.7887948  0.12628184 0.08230811 0.00261526],0,[0.59 0.31 0.06 0.04],0,[9.9506915e-01 2.8914199e-03 7.9987122e-04 1.2395661e-03],0,[9.99995798e-01 2.33492751e-06 5.31352897e-07 1.33556931e-06],0,[6.22675219e-01 3.66902313e-01 1.03806904e-02 4.17781146e-05],0,[0.69600391 0.25377135 0.03774873 0.01247601],0,[0.39 0.26 0.19 0.16],0,[0.9653805  0.01558152 0.00787623 0.01116178],0,[9.97604900e-01 2.36765662e-03 2.54452836e-05 1.99796123e-06],2,[0.0077422  0.07736298 0.90621689 0.00867792],0,[0.48602723 0.12228811 0.31610574 0.07557892],0,[0.43 0.42 0.08 0.07],0,[9.9842691e-01 8.7080803e-04 3.0055025e-04 4.0177241e-04],0,[9.99997993e-01 7.11066559e-07 4.80732923e-07 8.15534332e-07],0,[6.84337696e-01 3.10382660e-01 4.62104639e-03 6.58598153e-04],0,[0.78490886 0.13331245 0.07996698 0.00181171],0,[0.89626624 0.07822344 0.0152001  0.01031023],0,[0.98160882 0.00877416 0.00500218 0.00461484],0,[1. 0. 0. 0.],0,[0.6201879  0.13707949 0.11708736 0.12564528],0,[9.99995798e-01 2.33492751e-06 5.31352897e-07 1.33556931e-06],0,[6.24077578e-01 3.65341978e-01 1.04861741e-02 9.42693548e-05],0,[0.70695174 0.25120965 0.04110194 0.00073667]
1874.0,7,0.3356456776947705,0,12,585.0,0.2940234791889007,2022,0.7791566874546125,787391.0,0,0.055563916174202,30,27.0,1,30,82.0,83,0.0437566702241195,0.0935446679214047,14,0.0,0.0,629,0,0.0144076840981857,0.3121664887940235,304.5019978040648,551.0,0,1,4,1,0,0.7791566874546125,1,부산,59이하,K05,치과,2022,11608.0,1783414.0,45,13,0,1,[0.07 0.67 0.03 0.23],1,[6.9558714e-04 9.9826640e-01 5.9788174e-04 4.4017271e-04],1,[1.81707705e-06 9.99996537e-01 4.69933789e-07 1.17572526e-06],1,[2.57298425e-04 9.98275022e-01 1.43908977e-03 2.85895283e-05],1,[0.36196427 0.59369645 0.0348365  0.00950278],1,[0.06 0.59 0.15 0.2 ],1,[6.8893435e-04 9.9786699e-01 9.7502419e-04 4.6898742e-04],1,[6.65537266e-07 9.99997842e-01 7.51357755e-07 7.40883289e-07],1,[2.04959893e-04 9.99136429e-01 3.47498968e-04 3.11111646e-04],1,[0.38019897 0.58145093 0.03683781 0.00151229],1,[0.07 0.67 0.03 0.23],1,[6.9558714e-04 9.9826640e-01 5.9788174e-04 4.4017271e-04],1,[1.81707705e-06 9.99996537e-01 4.69933789e-07 1.17572526e-06],1,[2.57298425e-04 9.98275022e-01 1.43908977e-03 2.85895283e-05],1,[0.36196427 0.59369645 0.0348365  0.00950278],1,[0.16 0.33 0.32 0.19],1,[0.01543347 0.94952136 0.01961876 0.01542644],1,[0.00116486 0.97484187 0.02289227 0.001101  ],2,[0.17557989 0.18449464 0.58769793 0.05222754],1,[0.22590439 0.49443853 0.1601677  0.11948937],1,[0.05 0.69 0.11 0.15],1,[6.2885194e-04 9.9803513e-01 9.7921910e-04 3.5677734e-04],1,[5.80871977e-07 9.99998586e-01 4.74428000e-07 3.59192470e-07],1,[1.89102323e-04 9.97846204e-01 1.88787544e-03 7.68181656e-05],1,[3.59334922e-01 6.18517487e-01 2.18015162e-02 3.46074409e-04],1,[0.01767435 0.91706573 0.00764959 0.05761034],1,[0.0019833  0.99322951 0.00246829 0.0023189 ],1,[0. 1. 0. 0.],1,[0.12338632 0.624808   0.12424631 0.12755935],1,[1.81707705e-06 9.99996537e-01 4.69933789e-07 1.17572526e-06],1,[0.04439004 0.90282724 0.04994792 0.00283479],1,[3.21154004e-01 6.52494833e-01 2.59546151e-02 3.96547817e-04]
7591.0,1,0.6752733500197602,0,13,247.0,0.1105256224476353,2022,0.993633966891152,1096520.0,0,0.0013976203628681,30,300.0,1,30,516.0,45,0.0679752338295349,0.0028764289605529,4853,0.074166776445791,563.0,5126,0,0.0395204847846133,0.032538532472665,1903.1632002186957,839.0,0,1,4,0,0,0.993633966891152,1,대전,59이하,Z11,내과,2022,11209.0,637376.0,88,1,0,1,[0.02 0.9  0.01 0.07],1,[5.3304131e-04 9.9837470e-01 3.7506252e-04 7.1711483e-04],1,[7.21056937e-07 9.99997963e-01 3.58942967e-07 9.57396412e-07],1,[5.45622343e-04 9.99214465e-01 2.30954452e-04 8.95802875e-06],1,[0.07628809 0.91496656 0.00560589 0.00313946],1,[0.04 0.76 0.   0.2 ],1,[5.1577593e-04 9.9818343e-01 4.3971365e-04 8.6104893e-04],1,[9.75158536e-07 9.99996883e-01 9.50963644e-07 1.19135940e-06],1,[1.93343248e-06 9.99992571e-01 1.53610761e-06 3.95974808e-06],1,[1.20140564e-01 8.77443584e-01 1.60478666e-03 8.11065415e-04],1,[0.02 0.9  0.01 0.07],1,[5.3304131e-04 9.9837470e-01 3.7506252e-04 7.1711483e-04],1,[7.21056937e-07 9.99997963e-01 3.58942967e-07 9.57396412e-07],1,[5.45622343e-04 9.99214465e-01 2.30954452e-04 8.95802875e-06],1,[0.07628809 0.91496656 0.00560589 0.00313946],1,[0.2  0.63 0.12 0.05],1,[0.0100268  0.9708737  0.00877074 0.01032874],1,[5.84766171e-04 9.96625855e-01 2.57601333e-03 2.13365352e-04],1,[4.11848781e-03 9.89366306e-01 6.19221168e-03 3.22994434e-04],1,[0.06445908 0.86463214 0.05425619 0.01665259],1,[0.07 0.8  0.   0.13],1,[5.1231112e-04 9.9802089e-01 3.9775966e-04 1.0690890e-03],1,[5.79259857e-07 9.99997393e-01 7.55611530e-07 1.27259618e-06],1,[1.54365687e-05 9.99982082e-01 1.10698069e-06 1.37422312e-06],1,[8.73921554e-02 9.09980202e-01 2.32249483e-03 3.05148237e-04],1,[0.00513344 0.97459317 0.00259386 0.01767952],1,[0.00150152 0.99496638 0.00200751 0.00152459],1,[0. 1. 0. 0.],1,[0.1221829  0.6356183  0.1178679  0.12433085],1,[7.21056937e-07 9.99997963e-01 3.58942967e-07 9.57396412e-07],1,[2.11164685e-02 9.75325674e-01 3.49702341e-03 6.08339698e-05],1,[9.72432132e-02 9.00257874e-01 2.30230029e-03 1.96612575e-04]
12109.0,1,0.7553059707655463,0,13,101.0,0.0692047237591873,2021,0.993633966891152,1750215.0,0,0.0013976203628681,30,427.0,0,30,954.0,45,0.0787843752580725,0.0028764289605529,4853,0.0531009992567511,643.0,9146,0,0.0352630275002064,0.0083409034602361,3505.129807391827,838.0,0,1,4,0,0,0.993633966891152,1,대구,59이하,M54,재활의학과,2022,8089.0,625796.0,66,10,0,1,[0.01 0.98 0.   0.01],1,[6.3573057e-04 9.9820793e-01 4.0601208e-04 7.5030985e-04],1,[6.84066242e-07 9.99998067e-01 3.40536533e-07 9.08394429e-07],1,[9.19234592e-05 9.99906047e-01 1.26667377e-06 7.62926604e-07],1,[0.00732331 0.98908215 0.00218816 0.00140638],1,[0.03 0.95 0.01 0.01],1,[5.167986e-04 9.979469e-01 6.735335e-04 8.627557e-04],1,[5.29646316e-07 9.99998202e-01 7.16247776e-07 5.51735644e-07],1,[4.68873925e-07 9.99999526e-01 7.08615984e-11 4.90221222e-09],1,[1.13037930e-02 9.87826996e-01 6.88462184e-04 1.80749112e-04],1,[0.01 0.98 0.   0.01],1,[6.3573057e-04 9.9820793e-01 4.0601208e-04 7.5030985e-04],1,[6.84066242e-07 9.99998067e-01 3.40536533e-07 9.08394429e-07],1,[9.19234592e-05 9.99906047e-01 1.26667377e-06 7.62926604e-07],1,[0.00732331 0.98908215 0.00218816 0.00140638],1,[0.29 0.4  0.14 0.17],1,[0.01551804 0.95492256 0.01357409 0.01598534],1,[4.52193824e-04 9.95984699e-01 3.34860015e-03 2.14506660e-04],0,[0.81631782 0.03254425 0.05316633 0.09797161],1,[0.06400082 0.89290563 0.03747623 0.00561731],1,[0.01 0.93 0.   0.06],1,[4.8226962e-04 9.9781138e-01 6.9993036e-04 1.0063980e-03],1,[5.78608882e-07 9.99997257e-01 9.75922846e-07 1.18837283e-06],1,[3.64268536e-06 9.99996356e-01 5.49657113e-11 1.21285398e-09],1,[6.11408001e-03 9.93129406e-01 6.95531341e-04 6.09823007e-05],1,[2.65910366e-03 9.94551498e-01 1.01588155e-04 2.68780456e-03],1,[0.00137723 0.99544006 0.00187202 0.00131068],1,[0. 1. 0. 0.],1,[0.12041419 0.6423059  0.11616895 0.12111095],1,[6.84066242e-07 9.99998067e-01 3.40536533e-07 9.08394429e-07],1,[1.54934300e-02 9.84483313e-01 2.20389846e-05 1.21813777e-06],1,[8.90281898e-03 9.89788903e-01 1.15259192e-03 1.55686352e-04]
14420.0,9,0.6514563106796116,0,12,242.0,0.0997226074895977,2021,0.997340060483719,1434680.0,0,0.0007030929848726,30,953.0,0,30,1661.0,60,0.1151872399445215,0.001251793382787,413,0.0507628294036061,732.0,9394,0,0.0660887656033287,0.0167822468793342,3461.8067922208866,1438.0,0,1,4,0,0,0.997340060483719,1,부산,59이하,K08,치과,2022,7767.0,1784340.0,46,13,0,1,[0.07 0.78 0.   0.15],1,[5.8105722e-04 9.9826616e-01 3.7109471e-04 7.8171189e-04],1,[9.08607787e-07 9.99997432e-01 4.52373243e-07 1.20656688e-06],1,[3.73394283e-01 6.26555126e-01 5.13587466e-06 4.54550337e-05],1,[0.01409915 0.97263171 0.00324961 0.01001953],1,[0.1  0.69 0.   0.21],1,[5.5316254e-04 9.9780244e-01 7.2092551e-04 9.2346297e-04],1,[1.05483337e-06 9.99996734e-01 1.19914748e-06 1.01161449e-06],1,[1.26829776e-01 8.73168625e-01 7.64692088e-11 1.59914894e-06],1,[0.05793997 0.93691565 0.00251403 0.00263036],1,[0.07 0.78 0.   0.15],1,[5.8105722e-04 9.9826616e-01 3.7109471e-04 7.8171189e-04],1,[9.08607787e-07 9.99997432e-01 4.52373243e-07 1.20656688e-06],1,[3.73394283e-01 6.26555126e-01 5.13587466e-06 4.54550337e-05],1,[0.01409915 0.97263171 0.00324961 0.01001953],0,[0.38 0.24 0.07 0.31],1,[0.01034261 0.96995634 0.00904699 0.01065406],1,[5.15537479e-04 9.95350579e-01 3.81767461e-03 3.16209345e-04],0,[9.81106813e-01 2.12581071e-05 1.17520940e-05 1.88601767e-02],0,[0.54364974 0.37576101 0.02506988 0.05551937],1,[0.02 0.84 0.   0.14],1,[5.3952407e-04 9.9777275e-01 7.8302523e-04 9.0465363e-04],1,[9.07976547e-07 9.99996010e-01 1.35817031e-06 1.72365655e-06],1,[1.91136147e-01 8.08863676e-01 1.76432868e-10 1.76240645e-07],1,[1.34057308e-02 9.83521248e-01 2.38416348e-03 6.88857573e-04],1,[1.76454915e-02 9.44565898e-01 9.28867698e-05 3.76957296e-02],1,[0.0017927  0.9940743  0.00224739 0.00188562],1,[0. 1. 0. 0.],1,[0.1266625  0.6180733  0.12080281 0.13446137],1,[9.08607787e-07 9.99997432e-01 4.52373243e-07 1.20656688e-06],0,[9.17242576e-01 8.26026279e-02 1.23987484e-04 3.08088881e-05],1,[0.01913813 0.9778744  0.00188778 0.00109968]
4512.0,1,0.6655585106382979,0,1,170.0,0.1555851063829787,2021,0.4895121704844307,197367.0,0,0.1130201403843735,30,122.0,0,30,362.0,48,0.0802304964539007,0.1656585784308111,153,0.0339095744680851,153.0,3003,0,0.0270390070921985,0.037677304964539,1123.924018784188,702.0,0,1,5,0,0,0.4895121704844307,0,부산,59이하,K02,치과,2022,7266.0,1252744.0,43,13,0,0,[0.56 0.26 0.04 0.14],0,[9.9320316e-01 4.8701270e-03 7.8789244e-04 1.1387694e-03],0,[9.99995882e-01 2.38967789e-06 4.77262487e-07 1.25060956e-06],1,[1.57577810e-04 9.99773499e-01 6.47329239e-05 4.19010838e-06],1,[0.38508491 0.57991358 0.02233916 0.01266234],0,[0.36 0.35 0.09 0.2 ],0,[9.9761426e-01 1.2562015e-03 5.0771201e-04 6.2183250e-04],0,[9.99997744e-01 8.84014864e-07 8.77199572e-07 4.94717090e-07],1,[1.82457289e-05 9.99974553e-01 9.58693333e-07 6.24263398e-06],0,[0.65030218 0.29808562 0.04956908 0.00204312],0,[0.56 0.26 0.04 0.14],0,[9.9320316e-01 4.8701270e-03 7.8789244e-04 1.1387694e-03],0,[9.99995882e-01 2.38967789e-06 4.77262487e-07 1.25060956e-06],1,[1.57577810e-04 9.99773499e-01 6.47329239e-05 4.19010838e-06],1,[0.38508491 0.57991358 0.02233916 0.01266234],0,[0.39 0.24 0.21 0.16],0,[0.9590659  0.02327702 0.00689733 0.01075972],0,[9.93390188e-01 6.50543934e-03 9.45409810e-05 9.83211893e-06],1,[0.0082396  0.70200507 0.13318598 0.15656935],1,[0.2141798  0.35772177 0.25867981 0.16941861],0,[0.45 0.35 0.11 0.09],0,[9.9724424e-01 1.3635703e-03 2.7534424e-04 1.1168013e-03],0,[9.99997250e-01 9.80206037e-07 1.08646255e-06 6.83744398e-07],1,[7.17175757e-06 9.99985939e-01 2.24016216e-07 6.66547459e-06],0,[0.58582518 0.33801546 0.07173839 0.00442096],0,[0.88829976 0.06621813 0.01019709 0.03528501],0,[0.98064936 0.00877476 0.00517061 0.00540528],0,[1. 0. 0. 0.],0,[0.58335245 0.1556742  0.12722045 0.13375294],0,[9.99995882e-01 2.38967789e-06 4.77262487e-07 1.25060956e-06],1,[7.57794530e-03 9.90656327e-01 1.62409219e-03 1.41635822e-04],0,[0.51361657 0.46167888 0.02379663 0.00090792]
4576.0,13,0.3621066433566433,0,0,139.0,0.0561625874125874,2023,0.9534468217872016,362853589.0,0,0.0094645743685045,30,121.0,2,30,199.0,34,0.0434877622377622,0.014903608710449,1691,0.4814248251748251,2203.0,1657,0,0.0264423076923076,0.0303758741258741,921.792529079438,257.0,0,1,0,0,0,0.9534468217872016,2,부산,59이하,I63,신경과,2022,7054.0,1044321.0,31,4,0,3,[0.24 0.26 0.23 0.27],2,[0.00943538 0.00520178 0.9779052  0.00745764],2,[6.24496105e-06 1.15874517e-05 9.99976069e-01 6.09857153e-06],3,[0.02429319 0.0009999  0.00325209 0.97145483],3,[0.32159964 0.03659426 0.03672846 0.60507763],2,[0.24 0.16 0.37 0.23],2,[0.00185724 0.00152714 0.99487793 0.00173761],2,[9.62263669e-07 7.39934972e-07 9.99997335e-01 9.62715952e-07],3,[1.11335936e-04 2.49695611e-03 2.83287849e-06 9.97388875e-01],3,[0.04352073 0.0018604  0.01709558 0.93752329],3,[0.24 0.26 0.23 0.27],2,[0.00943538 0.00520178 0.9779052  0.00745764],2,[6.24496105e-06 1.15874517e-05 9.99976069e-01 6.09857153e-06],3,[0.02429319 0.0009999  0.00325209 0.97145483],3,[0.32159964 0.03659426 0.03672846 0.60507763],2,[0.18 0.11 0.55 0.16],2,[0.01725635 0.01157995 0.95338774 0.01777598],2,[7.14923598e-04 2.37807278e-03 9.95746043e-01 1.16096081e-03],2,[0.19990216 0.00173025 0.73199407 0.06637352],0,[0.60268389 0.01198124 0.2750614  0.11027347],2,[0.22 0.14 0.32 0.32],2,[0.00491391 0.00387231 0.98607314 0.00514059],2,[8.20339441e-07 9.00865103e-07 9.99997422e-01 8.57076549e-07],3,[5.75396861e-06 3.96429821e-06 1.79893120e-07 9.99990102e-01],3,[2.83683168e-02 8.43429172e-04 8.28116986e-03 9.62507084e-01],2,[0.06236041 0.06630334 0.80197032 0.06936593],2,[0.02455892 0.02001125 0.92113977 0.03429006],2,[0. 0. 1. 0.],2,[0.14934161 0.14243843 0.56627965 0.14194031],2,[6.24496105e-06 1.15874517e-05 9.99976069e-01 6.09857153e-06],3,[0.00211165 0.00201541 0.00405623 0.99181671],3,[0.28616609 0.00168342 0.04304318 0.66910732]
2299.0,10,0.8473249238799478,0,1,33.0,0.0330578512396694,2021,0.7791566874546125,641863.0,0,0.055563916174202,30,21.0,0,30,146.0,2,0.0635058721183123,0.0935446679214047,66,0.0326228795128316,75.0,1948,0,0.0091344062635928,0.0143540669856459,767.8607729703782,76.0,0,1,4,1,0,0.7791566874546125,1,대전,59이하,K21,내과,2022,6533.0,866313.0,47,1,0,1,[0.02 0.87 0.04 0.07],1,[1.0417177e-03 9.9763381e-01 6.8889593e-04 6.3550763e-04],1,[1.57062346e-06 9.99996607e-01 5.06447544e-07 1.31580602e-06],1,[1.43495667e-03 9.98408389e-01 1.39215947e-04 1.74379081e-05],1,[0.17547119 0.80469825 0.00163275 0.01819781],1,[0.08 0.73 0.04 0.15],1,[8.1425870e-04 9.9784434e-01 7.8649761e-04 5.5487652e-04],1,[5.20019333e-07 9.99998562e-01 6.07233125e-07 3.11153605e-07],1,[4.67636079e-04 9.99524657e-01 1.21594163e-07 7.58563454e-06],1,[0.24247498 0.75246657 0.00134417 0.00371428],1,[0.02 0.87 0.04 0.07],1,[1.0417177e-03 9.9763381e-01 6.8889593e-04 6.3550763e-04],1,[1.57062346e-06 9.99996607e-01 5.06447544e-07 1.31580602e-06],1,[1.43495667e-03 9.98408389e-01 1.39215947e-04 1.74379081e-05],1,[0.17547119 0.80469825 0.00163275 0.01819781],1,[0.26 0.34 0.27 0.13],1,[0.02176389 0.9369721  0.01951007 0.02175398],1,[0.01211162 0.9640072  0.02125278 0.00262841],0,[0.75859633 0.00850614 0.20340066 0.02949686],0,[0.52808406 0.31729505 0.05654437 0.09807653],1,[0.08 0.79 0.04 0.09],1,[7.9519511e-04 9.9801624e-01 7.7834987e-04 4.1018875e-04],1,[6.25380458e-07 9.99998174e-01 7.57707272e-07 4.43009810e-07],1,[8.48170581e-05 9.99912623e-01 5.25751882e-08 2.50767137e-06],1,[0.28332164 0.7060108  0.0012364  0.00943115],1,[0.00526082 0.96690761 0.01017235 0.01765921],1,[0.00154722 0.99480888 0.00206298 0.00158091],1,[0. 1. 0. 0.],1,[0.11915932 0.64126015 0.11894808 0.12063243],1,[1.57062346e-06 9.99996607e-01 5.06447544e-07 1.31580602e-06],1,[7.07775735e-03 9.92854257e-01 6.15633292e-05 6.42281012e-06],1,[1.37352339e-01 8.56314951e-01 6.83387486e-04 5.64932194e-03]
7956.0,9,0.7682252388134742,0,12,137.0,0.1209150326797385,2023,0.9972455496102473,2752516225.0,0,0.0007331313438808,30,180.0,2,30,422.0,63,0.0530417295123177,0.0012889011889545,179,0.0179738562091503,143.0,6112,0,0.0226244343891402,0.0172197083961789,2365.6725893495914,962.0,0,1,4,1,0,0.9972455496102473,3,인천,59이하,N31,비뇨의학과,2022,6417.0,672652.0,71,2,0,3,[0.   0.27 0.02 0.71],3,[0.00156186 0.00402441 0.00171429 0.99269944],3,[1.31693705e-06 3.82569534e-06 1.36301366e-06 9.99993494e-01],3,[1.80385966e-14 5.65672636e-18 5.97162283e-09 9.99999994e-01],3,[1.61815923e-11 1.91816402e-10 8.57339918e-06 9.99991426e-01],3,[0.   0.28 0.02 0.7 ],3,[4.6517455e-04 6.8686972e-04 6.3135929e-04 9.9821657e-01],3,[8.11164872e-07 1.01843498e-06 6.48610234e-07 9.99997522e-01],3,[3.53122612e-17 1.16097408e-15 5.72449152e-11 1.00000000e+00],3,[3.99547680e-17 6.89198719e-14 1.86948923e-07 9.99999813e-01],3,[0.   0.27 0.02 0.71],3,[0.00156186 0.00402441 0.00171429 0.99269944],3,[1.31693705e-06 3.82569534e-06 1.36301366e-06 9.99993494e-01],3,[1.80385966e-14 5.65672636e-18 5.97162283e-09 9.99999994e-01],3,[1.61815923e-11 1.91816402e-10 8.57339918e-06 9.99991426e-01],3,[0.02 0.34 0.12 0.52],3,[0.01074984 0.01216171 0.01814367 0.95894474],3,[4.20747354e-06 1.94346152e-04 3.15952296e-03 9.96641923e-01],3,[3.86745756e-06 9.63432066e-04 2.74934402e-02 9.71539260e-01],3,[5.17453489e-05 1.06512620e-03 5.51093259e-02 9.43773803e-01],3,[0.   0.3  0.01 0.69],3,[5.5560376e-04 8.1407349e-04 1.0167517e-03 9.9761355e-01],3,[5.31953417e-07 1.24896722e-06 7.91979456e-07 9.99997427e-01],3,[3.01617280e-17 6.08359060e-17 5.78734801e-11 1.00000000e+00],3,[8.82042940e-19 2.17106658e-15 4.75861909e-08 9.99999952e-01],3,[3.90794518e-04 6.85070595e-02 5.42891293e-03 9.25673235e-01],3,[0.00355148 0.0048664  0.0079319  0.98365022],3,[0. 0. 0. 1.],3,[0.12057721 0.15721539 0.12010165 0.6021058 ],3,[1.31693705e-06 3.82569534e-06 1.36301366e-06 9.99993494e-01],3,[1.09547186e-20 1.33711335e-22 9.75704345e-15 1.00000000e+00],3,[4.16888810e-11 7.85442117e-12 4.86479061e-03 9.95135209e-01]
14956.0,0,0.7982749398234822,0,1,294.0,0.0948783097084782,2022,0.5374829263762158,1750251.0,0,0.1191672890059485,30,318.0,1,30,772.0,27,0.0516180797004546,0.2019080907581446,355,0.014308638673442,214.0,11939,0,0.0212623696175448,0.019657662476598,4649.780625649631,1419.0,0,1,4,0,0,0.5374829263762158,1,대전,59이하,M75,정형외과,2022,5689.0,1046953.0,67,12,0,1,[0.   0.97 0.   0.03],1,[6.358395e-04 9.983789e-01 4.060816e-04 5.792209e-04],1,[5.64772772e-07 9.99998115e-01 3.66869432e-07 9.53171401e-07],1,[6.91905252e-09 9.99999148e-01 6.14923298e-09 8.38960059e-07],1,[1.28950096e-04 9.99042839e-01 1.36710862e-04 6.91500426e-04],1,[0.02 0.95 0.   0.03],1,[5.1699718e-04 9.9833041e-01 5.1235122e-04 6.4029195e-04],1,[5.33419223e-07 9.99998634e-01 4.22962260e-07 4.10095571e-07],1,[4.32980740e-10 9.99999968e-01 2.60094477e-12 3.12907831e-08],1,[3.44885087e-05 9.99736171e-01 1.74504770e-04 5.48356886e-05],1,[0.   0.97 0.   0.03],1,[6.358395e-04 9.983789e-01 4.060816e-04 5.792209e-04],1,[5.64772772e-07 9.99998115e-01 3.66869432e-07 9.53171401e-07],1,[6.91905252e-09 9.99999148e-01 6.14923298e-09 8.38960059e-07],1,[1.28950096e-04 9.99042839e-01 1.36710862e-04 6.91500426e-04],1,[0.28 0.33 0.22 0.17],1,[0.01268423 0.96369207 0.01094527 0.01267845],1,[7.96719152e-04 9.83483216e-01 1.49699070e-02 7.50157770e-04],3,[2.33324431e-04 8.08191765e-02 1.40424608e-02 9.04905038e-01],1,[0.01115559 0.97135063 0.00765495 0.00983883],1,[0.02 0.94 0.01 0.03],1,[4.8249128e-04 9.9826992e-01 6.0708489e-04 6.4054626e-04],1,[6.18950953e-07 9.99998005e-01 6.75386700e-07 7.00372101e-07],1,[1.54363066e-09 9.99999991e-01 9.73264551e-11 7.81039427e-09],1,[4.00418890e-05 9.99766941e-01 1.46171803e-04 4.68451378e-05],1,[1.59101062e-04 9.92094247e-01 1.01612121e-04 7.64504351e-03],1,[0.0013708  0.99539243 0.00188328 0.00135349],1,[0. 1. 0. 0.],1,[0.12044711 0.64244163 0.1161941  0.12091715],1,[5.64772772e-07 9.99998115e-01 3.66869432e-07 9.53171401e-07],1,[5.66694066e-06 9.99994243e-01 3.02335052e-08 5.95925659e-08],1,[4.63882403e-05 9.98546219e-01 2.89053988e-04 1.11833916e-03]
5835.0,9,0.64044558697515,0,10,42.0,0.0515852613538988,2023,0.9939900741845534,444124597.0,0,0.0007929565488688,30,447.0,2,30,469.0,65,0.0803770351328192,0.0031424105110205,1354,0.1437874892887746,839.0,3737,0,0.0766066838046272,0.00719794344473,1378.8899520991513,301.0,0,1,4,0,0,0.9939900741845534,2,대전,59이하,R53,가정의학과,2022,5331.0,181796.0,77,0,0,1,[0.12 0.35 0.3  0.23],2,[0.0131811  0.01317222 0.96177113 0.01187554],2,[6.73774999e-06 1.76027807e-05 9.99965276e-01 1.03836455e-05],3,[0.09627432 0.00409758 0.06590934 0.83371876],3,[0.28950268 0.17258358 0.06997359 0.46794015],2,[0.06 0.14 0.51 0.29],2,[0.00237007 0.00251688 0.99262345 0.00248959],2,[1.95410897e-06 1.95160770e-06 9.99993863e-01 2.23177933e-06],3,[0.01491562 0.05115006 0.01379259 0.92014172],3,[0.12350199 0.1212946  0.11532469 0.63987872],1,[0.12 0.35 0.3  0.23],2,[0.0131811  0.01317222 0.96177113 0.01187554],2,[6.73774999e-06 1.76027807e-05 9.99965276e-01 1.03836455e-05],3,[0.09627432 0.00409758 0.06590934 0.83371876],3,[0.28950268 0.17258358 0.06997359 0.46794015],2,[0.1  0.17 0.51 0.22],2,[0.02005924 0.0149617  0.94431573 0.02066329],2,[0.00161714 0.01387938 0.98049277 0.0040107 ],2,[7.62305667e-04 7.89582708e-02 9.07665461e-01 1.26139627e-02],3,[0.30928301 0.09784537 0.18438853 0.40848309],2,[0.04 0.13 0.58 0.25],2,[1.1810279e-03 1.1423794e-03 9.9676090e-01 9.1569283e-04],2,[1.23833155e-06 1.35617943e-06 9.99995406e-01 1.99960340e-06],3,[0.0040539  0.00551711 0.0035979  0.98683109],3,[0.1174529  0.10007547 0.12890448 0.65356715],2,[0.03329696 0.09079746 0.5670063  0.30889928],2,[0.02637196 0.03164713 0.79376818 0.14821273],2,[0.   0.   0.94 0.06],2,[0.14539996 0.15095158 0.53489256 0.16875586],2,[6.73774999e-06 1.76027807e-05 9.99965276e-01 1.03836455e-05],3,[0.21823317 0.07484964 0.12441267 0.58250453],3,[0.09601938 0.01327047 0.01338416 0.87732599]
2035.0,1,0.5582309582309583,0,7,272.0,0.2653562653562653,2022,0.9676416389595268,790747830.0,0,0.0024337501902784,30,49.0,1,30,29.0,54,0.0142506142506142,0.0210160985719714,0,0.0044226044226044,9.0,1136,0,0.024078624078624,0.1336609336609336,440.2723778147644,540.0,0,1,5,1,0,0.9676416389595268,3,부산,59이하,H25,안과,2022,5228.0,420786.0,22,6,0,3,[0.08 0.23 0.04 0.65],3,[0.00182635 0.00235991 0.00301188 0.9928019 ],3,[2.41813227e-06 4.45332403e-06 1.38452158e-06 9.99991744e-01],3,[2.09980471e-04 1.00001502e-06 1.15493800e-03 9.98634082e-01],3,[0.01856069 0.04051722 0.0637214  0.87720069],3,[0.01 0.23 0.05 0.71],3,[7.9747161e-04 7.8841689e-04 6.4957514e-04 9.9776459e-01],3,[6.68751816e-07 7.05442153e-07 1.15212866e-06 9.99997474e-01],3,[9.31264564e-07 2.06626975e-04 1.18515767e-05 9.99780590e-01],3,[0.00292506 0.02067736 0.10708676 0.86931083],3,[0.08 0.23 0.04 0.65],3,[0.00182635 0.00235991 0.00301188 0.9928019 ],3,[2.41813227e-06 4.45332403e-06 1.38452158e-06 9.99991744e-01],3,[2.09980471e-04 1.00001502e-06 1.15493800e-03 9.98634082e-01],3,[0.01856069 0.04051722 0.0637214  0.87720069],3,[0.1  0.23 0.26 0.41],3,[0.01077563 0.0103336  0.01764544 0.9612453 ],3,[3.82753192e-06 7.99338710e-05 5.85708490e-03 9.94059154e-01],3,[0.02433177 0.08439663 0.029972   0.86129959],3,[0.02178225 0.32720018 0.19340457 0.45761299],3,[0.01 0.18 0.05 0.76],3,[7.2376739e-04 7.2845607e-04 4.2148549e-04 9.9812633e-01],3,[1.01042875e-06 1.34475319e-06 1.62414877e-06 9.99996021e-01],3,[4.09206466e-06 3.45854486e-04 2.61967307e-05 9.99623857e-01],3,[0.00134954 0.01437151 0.12002403 0.86425492],3,[0.02045719 0.05809109 0.01075332 0.91069841],3,[0.0041995  0.00495938 0.00855905 0.98228206],3,[0. 0. 0. 1.],3,[0.12549949 0.1485818  0.12143382 0.60448486],3,[2.41813227e-06 4.45332403e-06 1.38452158e-06 9.99991744e-01],3,[1.70626027e-04 8.50209578e-06 1.06846856e-03 9.98752403e-01],3,[1.05071428e-03 7.03202401e-04 1.06116083e-02 9.87634475e-01]
1678.0,10,0.6269368295589988,0,1,24.0,0.2830750893921335,2022,0.7791566874546125,725301968.0,0,0.055563916174202,30,31.0,1,30,23.0,4,0.0137067938021454,0.0935446679214047,57,0.0435041716328963,73.0,1052,0,0.0184743742550655,0.0143027413587604,417.2393397879288,475.0,0,1,4,1,0,0.7791566874546125,3,대구,59이하,M51,재활의학과,2023,8169.0,2593604.0,65,10,0,3,[0.06 0.18 0.01 0.75],3,[0.0016634  0.0012737  0.00200145 0.99506146],3,[2.02200164e-06 3.39360062e-06 1.31405788e-06 9.99993270e-01],3,[7.59540280e-05 1.20100652e-06 9.19934884e-06 9.99913646e-01],3,[0.01823767 0.01361446 0.00444678 0.96370109],3,[0.01 0.16 0.   0.83],3,[7.7602768e-04 6.3809857e-04 7.4766093e-04 9.9783820e-01],3,[1.98959246e-06 2.19378455e-06 2.50452251e-06 9.99993312e-01],3,[8.15194847e-06 1.00789099e-04 7.21370954e-09 9.99891052e-01],3,[6.56245526e-04 1.22495852e-03 4.67336106e-04 9.97651460e-01],3,[0.06 0.18 0.01 0.75],3,[0.0016634  0.0012737  0.00200145 0.99506146],3,[2.02200164e-06 3.39360062e-06 1.31405788e-06 9.99993270e-01],3,[7.59540280e-05 1.20100652e-06 9.19934884e-06 9.99913646e-01],3,[0.01823767 0.01361446 0.00444678 0.96370109],3,[0.08 0.16 0.12 0.64],3,[0.01043282 0.00749954 0.02294115 0.95912653],3,[3.00130440e-06 2.32339181e-05 4.24411173e-03 9.95729653e-01],3,[3.87723143e-02 5.35211593e-04 7.29236781e-05 9.60619550e-01],3,[0.04093026 0.09275348 0.07444631 0.79186995],3,[0.   0.19 0.01 0.8 ],3,[6.6835794e-04 5.2668556e-04 5.1685475e-04 9.9828809e-01],3,[8.56815258e-07 8.73120739e-07 8.49229411e-07 9.99997421e-01],3,[2.95992964e-05 4.96032608e-05 1.33759200e-09 9.99920796e-01],3,[1.89736011e-04 3.03509515e-04 2.70090397e-04 9.99236664e-01],3,[0.01541636 0.04531927 0.00300069 0.93626368],3,[0.00363452 0.00420704 0.00752856 0.98462988],3,[0. 0. 0. 1.],3,[0.12335574 0.15397201 0.122631   0.6000412 ],3,[2.02200164e-06 3.39360062e-06 1.31405788e-06 9.99993270e-01],3,[4.80391424e-03 5.26907386e-04 5.61598475e-05 9.94613019e-01],3,[3.70805401e-03 5.55930055e-04 1.44378161e-03 9.94292234e-01]
7365.0,3,0.821724372029871,0,6,114.0,0.0999321113374066,2021,0.9880961659222792,597724.0,0,0.0024123323728626,30,87.0,0,30,347.0,22,0.0471147318397827,0.0069982411686297,67,0.0039375424304141,29.0,6052,0,0.0118126272912423,0.015478615071283,2377.800559340501,736.0,0,1,4,0,0,0.9880961659222792,1,대전,59이하,J18,내과,2023,6182.0,2261993.0,35,1,0,1,[0.02 0.91 0.07 0.  ],1,[4.4839477e-04 9.9878329e-01 3.5990414e-04 4.0846746e-04],1,[6.25218732e-07 9.99998107e-01 3.52268209e-07 9.15268986e-07],1,[1.60760818e-02 9.76677580e-01 7.21928966e-03 2.70486950e-05],1,[0.06166255 0.90587243 0.02626222 0.0062028 ],1,[0.06 0.82 0.07 0.05],1,[5.1028811e-04 9.9778700e-01 1.1372692e-03 5.6543737e-04],1,[4.39062949e-07 9.99998448e-01 7.08706034e-07 4.04503399e-07],1,[3.38662767e-03 9.84879698e-01 1.17303176e-02 3.35710523e-06],1,[0.08948783 0.74748715 0.16214656 0.00087847],1,[0.02 0.91 0.07 0.  ],1,[4.4839477e-04 9.9878329e-01 3.5990414e-04 4.0846746e-04],1,[6.25218732e-07 9.99998107e-01 3.52268209e-07 9.15268986e-07],1,[1.60760818e-02 9.76677580e-01 7.21928966e-03 2.70486950e-05],1,[0.06166255 0.90587243 0.02626222 0.0062028 ],1,[0.11 0.53 0.24 0.12],1,[0.01666168 0.94075406 0.02593018 0.01665409],1,[3.18244252e-03 9.78358789e-01 1.77010227e-02 7.57745371e-04],2,[0.05160522 0.22908473 0.70661777 0.01269228],1,[0.12299079 0.62300592 0.23758828 0.01641501],1,[0.04 0.84 0.08 0.04],1,[4.7820088e-04 9.9745458e-01 1.5752016e-03 4.9205712e-04],1,[5.45083284e-07 9.99997908e-01 9.20112810e-07 6.26555873e-07],1,[6.51168171e-03 9.86778503e-01 6.70832439e-03 1.49066447e-06],1,[0.07949455 0.76750427 0.15210398 0.00089719],1,[5.11225500e-03 9.77195349e-01 1.75900641e-02 1.02345682e-04],1,[0.00148844 0.99511448 0.00199168 0.00140539],1,[0. 1. 0. 0.],1,[0.12015782 0.6408986  0.11807143 0.12087221],1,[6.25218732e-07 9.99998107e-01 3.52268209e-07 9.15268986e-07],1,[0.43896555 0.49091223 0.06944018 0.00068204],1,[5.71650673e-02 9.05203263e-01 3.72473317e-02 3.84338261e-04]
2517.0,6,0.6825586015097338,0,14,53.0,0.1195868096940802,2021,0.986166119040886,75233.0,0,0.0016905410751535,30,95.0,0,30,153.0,1,0.0607866507747318,0.0079221978958607,197,0.0782677791021056,197.0,1718,0,0.0377433452522844,0.0210568136670639,641.9182969817888,301.0,0,1,5,0,0,0.986166119040886,0,대전,59이하,M96,신경외과,2023,5683.0,1623770.0,68,5,0,0,[0.9  0.07 0.   0.03],0,[9.9611169e-01 2.0415417e-03 7.1723247e-04 1.1295634e-03],0,[9.99996810e-01 1.88880741e-06 3.59521087e-07 9.41949146e-07],0,[9.99570413e-01 1.40482293e-04 2.84938600e-04 4.16571449e-06],0,[0.85149112 0.1246458  0.01844012 0.00542296],0,[0.93 0.03 0.03 0.01],0,[9.9824834e-01 9.1468700e-04 3.4032861e-04 4.9666612e-04],0,[9.99997706e-01 1.01144745e-06 7.94485052e-07 4.88443062e-07],0,[9.99989017e-01 9.91109278e-06 9.17971577e-07 1.53643826e-07],0,[0.91399693 0.0536968  0.03116256 0.00114372],0,[0.9  0.07 0.   0.03],0,[9.9611169e-01 2.0415417e-03 7.1723247e-04 1.1295634e-03],0,[9.99996810e-01 1.88880741e-06 3.59521087e-07 9.41949146e-07],0,[9.99570413e-01 1.40482293e-04 2.84938600e-04 4.16571449e-06],0,[0.85149112 0.1246458  0.01844012 0.00542296],0,[0.4  0.28 0.12 0.2 ],0,[0.96661055 0.01516658 0.00704685 0.011176  ],0,[9.97331479e-01 2.64533378e-03 2.03122481e-05 2.87455669e-06],0,[0.46815302 0.31950801 0.20685    0.00548897],0,[0.70897828 0.06623254 0.19697633 0.02781284],0,[0.93 0.07 0.   0.  ],0,[9.9825794e-01 9.3364174e-04 2.7562413e-04 5.3285598e-04],0,[9.99997885e-01 7.45482609e-07 7.18384313e-07 6.50708131e-07],0,[9.99988630e-01 1.00395378e-05 6.19074714e-07 7.11814202e-07],0,[0.91533096 0.0538222  0.02909154 0.00175531],0,[9.74027125e-01 1.80108576e-02 1.79397998e-04 7.78262635e-03],0,[0.98877487 0.0046497  0.00349509 0.00308033],0,[1. 0. 0. 0.],0,[0.63662165 0.13426927 0.11296839 0.11614075],0,[9.99996810e-01 1.88880741e-06 3.59521087e-07 9.41949146e-07],0,[9.95909299e-01 2.55951192e-03 1.51289824e-03 1.82909330e-05],0,[8.59919845e-01 1.06647920e-01 3.27954011e-02 6.36834073e-04]
1565.0,7,0.7591054313099042,0,5,20.0,0.2249201277955271,2021,0.985205589968244,637338529.0,0,0.0014030637854818,30,0.0,0,30,5.0,79,0.0031948881789137,0.0080622630831161,50,0.0,0.0,1188,0,0.0,0.0127795527156549,554.7872715434869,352.0,0,1,4,1,0,0.985205589968244,3,부산,59이하,I63,신경과,2023,5281.0,1460683.0,31,4,0,3,[0.07 0.23 0.11 0.59],3,[0.00663462 0.0067976  0.00993102 0.9766368 ],3,[2.32745583e-06 4.45183382e-06 1.42286581e-06 9.99991798e-01],3,[4.52078582e-03 3.55996273e-04 4.53224580e-01 5.41898638e-01],2,[0.02397813 0.05959735 0.46191308 0.45451145],3,[0.05 0.31 0.16 0.48],3,[0.00385431 0.00356684 0.0150483  0.97753054],3,[3.09510147e-06 5.14758097e-06 1.01200309e-05 9.99981637e-01],2,[3.16991661e-05 6.32000315e-04 8.91925295e-01 1.07411005e-01],2,[0.00340544 0.01290296 0.88101391 0.10267769],3,[0.07 0.23 0.11 0.59],3,[0.00663462 0.0067976  0.00993102 0.9766368 ],3,[2.32745583e-06 4.45183382e-06 1.42286581e-06 9.99991798e-01],3,[4.52078582e-03 3.55996273e-04 4.53224580e-01 5.41898638e-01],2,[0.02397813 0.05959735 0.46191308 0.45451145],2,[0.15 0.1  0.48 0.27],3,[0.01070932 0.00831818 0.0256417  0.9553308 ],3,[7.70444129e-06 1.05955783e-04 7.03984573e-03 9.92846494e-01],2,[6.95055650e-04 7.51421085e-03 9.70906130e-01 2.08846031e-02],2,[0.00847124 0.13809587 0.78110617 0.07232672],3,[0.03 0.17 0.16 0.64],3,[0.00219969 0.00193928 0.01587479 0.97998625],3,[7.54663451e-06 8.52476074e-06 1.87211328e-05 9.99965207e-01],2,[1.40296843e-04 8.50057043e-04 6.13580219e-01 3.85429427e-01],2,[0.0014239  0.00674165 0.93480541 0.05702904],3,[0.01915924 0.05920051 0.02998311 0.89165716],3,[0.00458204 0.00548401 0.00956901 0.98036494],3,[0. 0. 0. 1.],3,[0.13448642 0.17453085 0.13377039 0.5572123 ],3,[2.32745583e-06 4.45183382e-06 1.42286581e-06 9.99991798e-01],2,[0.00628593 0.0607109  0.77877051 0.15423266],3,[0.00219621 0.00336647 0.33059118 0.66384614]
6739.0,3,0.7363110253746846,0,6,150.0,0.0801305831725775,2021,0.5528952611871295,473048.0,0,0.0764749018128559,30,248.0,0,30,529.0,21,0.0784982935153583,0.1860166213720828,310,0.046000890339813,310.0,4962,0,0.0368007122718504,0.0222584953257159,1887.0065624333863,540.0,0,1,3,0,0,0.5528952611871295,1,대전,59이하,M17,정형외과,2023,5073.0,1811293.0,60,12,0,1,[0.07 0.88 0.03 0.02],1,[5.7057443e-04 9.9853182e-01 3.6439981e-04 5.3323025e-04],1,[7.17608765e-07 9.99997972e-01 3.57288555e-07 9.52837113e-07],1,[8.06434402e-03 9.90721101e-01 5.20138846e-04 6.94415702e-04],1,[0.24313392 0.7299186  0.0064968  0.02045069],1,[0.14 0.73 0.05 0.08],1,[5.7913776e-04 9.9811423e-01 7.5477851e-04 5.5187370e-04],1,[1.02136971e-06 9.99996183e-01 1.64124843e-06 1.15439746e-06],1,[2.64949872e-03 9.96559911e-01 6.10470949e-06 7.84485593e-04],1,[0.36453497 0.6141822  0.00906794 0.01221489],1,[0.07 0.88 0.03 0.02],1,[5.7057443e-04 9.9853182e-01 3.6439981e-04 5.3323025e-04],1,[7.17608765e-07 9.99997972e-01 3.57288555e-07 9.52837113e-07],1,[8.06434402e-03 9.90721101e-01 5.20138846e-04 6.94415702e-04],1,[0.24313392 0.7299186  0.0064968  0.02045069],1,[0.29 0.3  0.25 0.16],1,[0.03113518 0.9095572  0.02723486 0.03207276],1,[0.00557661 0.97084506 0.02252807 0.00105026],3,[0.14170561 0.2124349  0.13132183 0.51453766],0,[0.78875273 0.13180119 0.03373326 0.04571282],1,[0.11 0.81 0.04 0.04],1,[5.4292724e-04 9.9809486e-01 7.0152141e-04 6.6063687e-04],1,[7.97572974e-07 9.99996725e-01 1.28454538e-06 1.19292894e-06],1,[1.10345710e-02 9.88651485e-01 6.02435017e-06 3.07919443e-04],1,[0.42306773 0.54764826 0.00992862 0.01935539],1,[0.01764282 0.96963245 0.00759119 0.00513355],1,[0.00163654 0.99482277 0.00206587 0.00147481],1,[0. 1. 0. 0.],1,[0.12067395 0.6436916  0.11640671 0.11922773],1,[7.17608765e-07 9.99997972e-01 3.57288555e-07 9.52837113e-07],1,[0.07987621 0.91227932 0.00538837 0.0024561 ],1,[0.28111736 0.713276   0.00269806 0.00290857]
8772.0,9,0.6451208390332878,0,12,226.0,0.1543547651618787,2022,0.997340060483719,1266850.0,0,0.0007030929848726,30,359.0,1,30,779.0,60,0.0888052895576835,0.001251793382787,413,0.0450296397628819,395.0,5659,0,0.0409256725946192,0.0257637938896488,2096.461590394634,1354.0,0,1,4,0,0,0.997340060483719,1,대구,59이하,G81,재활의학과,2023,4895.0,1372684.0,18,10,0,1,[0.01 0.86 0.01 0.12],1,[5.2657275e-04 9.9846375e-01 3.0123771e-04 7.0841220e-04],1,[9.54774386e-07 9.99997388e-01 4.52055141e-07 1.20558782e-06],1,[2.18345125e-02 9.76554958e-01 1.46929689e-03 1.41232284e-04],1,[0.08559779 0.87763243 0.02274232 0.01402746],1,[0.04 0.77 0.   0.19],1,[5.3404394e-04 9.9814665e-01 4.2781184e-04 8.9154590e-04],1,[1.03717031e-06 9.99996818e-01 9.33040345e-07 1.21209707e-06],1,[7.16573472e-03 9.92546605e-01 2.67060050e-05 2.60954378e-04],1,[0.1828669  0.76288084 0.04898597 0.00526629],1,[0.01 0.86 0.01 0.12],1,[5.2657275e-04 9.9846375e-01 3.0123771e-04 7.0841220e-04],1,[9.54774386e-07 9.99997388e-01 4.52055141e-07 1.20558782e-06],1,[2.18345125e-02 9.76554958e-01 1.46929689e-03 1.41232284e-04],1,[0.08559779 0.87763243 0.02274232 0.01402746],1,[0.25 0.53 0.06 0.16],1,[0.00967661 0.97211987 0.00823553 0.009968  ],1,[5.15537479e-04 9.95350579e-01 3.81767461e-03 3.16209345e-04],1,[0.36695122 0.58993205 0.03877188 0.00434485],1,[0.12647728 0.6387732  0.18144055 0.05330897],1,[0.04 0.84 0.   0.12],1,[4.9908116e-04 9.9822146e-01 3.8748787e-04 8.9194486e-04],1,[6.77769534e-07 9.99997046e-01 8.84155185e-07 1.39185643e-06],1,[1.90134758e-02 9.80739249e-01 8.62824975e-05 1.60992583e-04],1,[0.08228595 0.85748824 0.05860294 0.00162287],1,[0.00263188 0.96461528 0.00257542 0.0301774 ],1,[0.00153621 0.99471217 0.00207123 0.00168039],1,[0. 1. 0. 0.],1,[0.12172291 0.6369979  0.11737841 0.12390079],1,[9.54774386e-07 9.99997388e-01 4.52055141e-07 1.20558782e-06],0,[0.78456246 0.20314744 0.01122056 0.00106954],1,[0.10531292 0.87666715 0.01701737 0.00100256]
3059.0,4,0.7515527950310559,0,1,153.0,0.1889506374632232,2023,0.7791566874546125,1019435.0,0,0.055563916174202,30,0.0,2,30,0.0,69,0.0,0.0935446679214047,122,0.0094802222948676,29.0,2299,0,0.0,0.0500163452108532,1049.5022232785725,578.0,0,1,4,1,0,0.7791566874546125,1,대전,59이하,S46,정형외과,2023,4659.0,1803782.0,82,12,0,1,[0.06 0.83 0.02 0.09],1,[5.7351188e-04 9.9859411e-01 4.5428722e-04 3.7805300e-04],1,[8.76147336e-07 9.99997729e-01 3.98406088e-07 9.96742634e-07],1,[9.59942068e-06 9.99987744e-01 2.06896461e-07 2.44938289e-06],1,[0.02540493 0.96793765 0.00324399 0.00341343],1,[0.04 0.85 0.01 0.1 ],1,[6.1228679e-04 9.9810433e-01 8.6654758e-04 4.1681007e-04],1,[4.96529781e-07 9.99998386e-01 5.62109410e-07 5.54999823e-07],1,[4.59789625e-07 9.99996624e-01 1.66734334e-09 2.91497586e-06],1,[1.63277580e-02 9.80759154e-01 2.55867088e-03 3.54416631e-04],1,[0.06 0.83 0.02 0.09],1,[5.7351188e-04 9.9859411e-01 4.5428722e-04 3.7805300e-04],1,[8.76147336e-07 9.99997729e-01 3.98406088e-07 9.96742634e-07],1,[9.59942068e-06 9.99987744e-01 2.06896461e-07 2.44938289e-06],1,[0.02540493 0.96793765 0.00324399 0.00341343],1,[0.22 0.57 0.12 0.09],1,[0.02025482 0.93410003 0.02539949 0.02024559],1,[0.00158086 0.96745323 0.02955148 0.00141443],1,[6.49912948e-02 8.60202559e-01 3.54415335e-04 7.44517307e-02],1,[0.01289376 0.91100883 0.05626584 0.01983157],1,[0.05 0.89 0.01 0.05],1,[5.6215125e-04 9.9813277e-01 9.5433369e-04 3.5080331e-04],1,[4.12368840e-07 9.99998772e-01 4.64425714e-07 3.51161608e-07],1,[7.29882807e-07 9.99999144e-01 5.09963609e-09 1.20993042e-07],1,[1.49338176e-02 9.82149453e-01 2.79743293e-03 1.19296316e-04],1,[0.0151436  0.95714796 0.00511367 0.02259476],1,[0.00168944 0.99448391 0.00214998 0.00167666],1,[0. 1. 0. 0.],1,[0.11783828 0.6448688  0.11703049 0.12026245],1,[8.76147336e-07 9.99997729e-01 3.98406088e-07 9.96742634e-07],1,[1.54040196e-04 9.99842261e-01 3.41824412e-06 2.80611245e-07],1,[1.66901624e-02 9.75245102e-01 7.38001752e-03 6.84717932e-04]
1233.0,9,0.829683698296837,0,10,6.0,0.1094890510948905,2022,0.9912597094065374,302310.0,0,0.0009548967431471,30,48.0,1,30,16.0,66,0.0129764801297648,0.0048424143641917,373,0.0040551500405515,5.0,1023,0,0.0389294403892944,0.0048661800486618,403.48320906823375,135.0,0,1,3,1,0,0.9912597094065374,0,대전,59이하,I20,내과,2023,4355.0,3343042.0,27,1,0,0,[0.6  0.32 0.04 0.04],0,[9.9526346e-01 2.6884966e-03 1.0910401e-03 9.5693785e-04],0,[9.99996989e-01 1.56772525e-06 4.10124540e-07 1.03293925e-06],1,[3.69075495e-01 6.28974562e-01 1.92302121e-03 2.69221390e-05],1,[0.26921389 0.7049184  0.01733    0.00853771],0,[0.6  0.32 0.02 0.06],0,[9.9817181e-01 9.5624872e-04 5.2837963e-04 3.4351362e-04],0,[9.99997376e-01 1.44774775e-06 4.95143299e-07 6.81052965e-07],0,[6.12281679e-01 3.87693294e-01 1.17427836e-05 1.32845029e-05],1,[0.37123291 0.6092784  0.01859233 0.00089636],0,[0.6  0.32 0.04 0.04],0,[9.9526346e-01 2.6884966e-03 1.0910401e-03 9.5693785e-04],0,[9.99996989e-01 1.56772525e-06 4.10124540e-07 1.03293925e-06],1,[3.69075495e-01 6.28974562e-01 1.92302121e-03 2.69221390e-05],1,[0.26921389 0.7049184  0.01733    0.00853771],0,[0.34 0.29 0.3  0.07],0,[0.9636862  0.0151207  0.0103816  0.01081155],0,[9.92765235e-01 7.18904840e-03 4.28429410e-05 2.87372159e-06],2,[0.29584376 0.10358656 0.50834292 0.09222675],1,[0.1920938  0.60718398 0.1607202  0.04000202],0,[0.57 0.31 0.07 0.05],0,[9.9818277e-01 9.7398867e-04 5.0982105e-04 3.3347151e-04],0,[9.99998483e-01 7.67342877e-07 3.94851238e-07 3.54767985e-07],1,[4.77137529e-01 5.22820610e-01 2.66192335e-05 1.52413665e-05],1,[3.61546704e-01 6.20054409e-01 1.80789113e-02 3.19976097e-04],0,[0.89881511 0.08067252 0.01027286 0.01023949],0,[0.98178019 0.00873557 0.00495223 0.004532  ],0,[1. 0. 0. 0.],0,[0.5842463  0.15425679 0.13082078 0.13067614],0,[9.99996989e-01 1.56772525e-06 4.10124540e-07 1.03293925e-06],1,[6.50754907e-03 9.93372443e-01 1.19712249e-04 2.95754408e-07],1,[2.73354490e-01 7.18414703e-01 7.87604331e-03 3.54763847e-04]
1095.0,12,0.5223744292237443,0,1,183.0,0.1680365296803653,2023,0.7791566874546125,326996.0,0,0.055563916174202,30,20.0,2,30,131.0,85,0.119634703196347,0.0935446679214047,13881,0.0045662100456621,5.0,572,0,0.0182648401826484,0.1671232876712328,206.0473246611079,184.0,0,1,4,1,0,0.7791566874546125,0,대전,59이하,M75,정형외과,2023,3312.0,1124944.0,67,12,0,0,[0.82 0.15 0.01 0.02],0,[9.9630344e-01 1.9134772e-03 1.0180952e-03 7.6500332e-04],0,[9.99994753e-01 2.76750029e-06 7.18513465e-07 1.76122396e-06],0,[9.82890731e-01 1.71024166e-02 4.21522267e-07 6.43083624e-06],1,[2.80263631e-01 7.13828249e-01 2.20355565e-04 5.68776479e-03],0,[0.84 0.13 0.   0.03],0,[9.9818498e-01 8.2689361e-04 6.3292839e-04 3.5515105e-04],0,[9.99997391e-01 1.27849472e-06 7.04054808e-07 6.26920258e-07],0,[9.99568072e-01 4.31891275e-04 1.57083797e-14 3.63463277e-08],1,[2.60204496e-01 7.32160622e-01 8.13067903e-08 7.63480134e-03],0,[0.82 0.15 0.01 0.02],0,[9.9630344e-01 1.9134772e-03 1.0180952e-03 7.6500332e-04],0,[9.99994753e-01 2.76750029e-06 7.18513465e-07 1.76122396e-06],0,[9.82890731e-01 1.71024166e-02 4.21522267e-07 6.43083624e-06],1,[2.80263631e-01 7.13828249e-01 2.20355565e-04 5.68776479e-03],1,[0.27 0.3  0.28 0.15],0,[0.96391696 0.014994   0.01027491 0.01081414],0,[9.90712248e-01 9.02157482e-03 2.49085264e-04 1.70919456e-05],3,[0.07937497 0.21229806 0.00306806 0.70525891],1,[0.00092625 0.88274052 0.00312587 0.11320737],0,[0.9  0.06 0.03 0.01],0,[9.980659e-01 8.211396e-04 8.603048e-04 2.526654e-04],0,[9.99995596e-01 2.70323558e-06 1.00496624e-06 6.95361503e-07],0,[9.99494464e-01 5.05527858e-04 6.78739021e-15 8.38114853e-09],1,[3.04354392e-01 6.93752530e-01 2.19270666e-07 1.89285838e-03],0,[0.95407455 0.03797906 0.0027547  0.00519169],0,[0.98723897 0.00556493 0.00383914 0.00335696],0,[1. 0. 0. 0.],0,[0.6438375  0.12408074 0.11528371 0.11679807],0,[9.99994753e-01 2.76750029e-06 7.18513465e-07 1.76122396e-06],0,[9.54627150e-01 4.53519726e-02 3.04592487e-07 2.05729229e-05],1,[2.54546140e-01 7.41453017e-01 1.61115872e-05 3.98473174e-03]
4730.0,12,0.4435517970401691,0,1,295.0,0.2010570824524312,2022,0.7791566874546125,1732179.0,0,0.055563916174202,30,306.0,1,30,356.0,85,0.0752642706131078,0.0935446679214047,13881,0.1530655391120507,724.0,2098,0,0.0646934460887949,0.062367864693446,694.0837605553573,951.0,0,1,4,1,0,0.7791566874546125,1,대전,59이하,N18,내과,2023,3059.0,1019435.0,69,1,0,1,[0.04 0.81 0.04 0.11],1,[1.2843566e-03 9.9617827e-01 8.0949365e-04 1.7278786e-03],1,[1.79206524e-06 9.99996380e-01 5.12207473e-07 1.31566222e-06],1,[1.54185520e-06 9.99996194e-01 1.15804104e-06 1.10627487e-06],1,[4.21772849e-02 9.51376979e-01 2.46647917e-04 6.19908848e-03],1,[0.08 0.73 0.05 0.14],1,[7.5562118e-04 9.9722844e-01 6.2536233e-04 1.3905299e-03],1,[8.52194988e-07 9.99997372e-01 6.18304056e-07 1.15779511e-06],1,[5.20563029e-06 9.99993466e-01 3.43589373e-11 1.32833538e-06],1,[3.96854350e-02 9.56515689e-01 1.27797236e-07 3.79874844e-03],1,[0.04 0.81 0.04 0.11],1,[1.2843566e-03 9.9617827e-01 8.0949365e-04 1.7278786e-03],1,[1.79206524e-06 9.99996380e-01 5.12207473e-07 1.31566222e-06],1,[1.54185520e-06 9.99996194e-01 1.15804104e-06 1.10627487e-06],1,[4.21772849e-02 9.51376979e-01 2.46647917e-04 6.19908848e-03],1,[0.18 0.39 0.15 0.28],1,[0.01188867 0.9675702  0.00829443 0.01224667],1,[9.40421143e-04 9.94754202e-01 3.81790992e-03 4.87467240e-04],3,[0.00162793 0.04892444 0.00116779 0.94827985],1,[1.68735387e-04 8.28353003e-01 1.58215134e-03 1.69896111e-01],1,[0.05 0.79 0.02 0.14],1,[7.0155383e-04 9.9706960e-01 8.6950319e-04 1.3592987e-03],1,[5.39989046e-07 9.99997727e-01 6.30400724e-07 1.10218342e-06],1,[2.49184213e-06 9.99997219e-01 1.08827653e-11 2.88715816e-07],1,[3.45932924e-02 9.64685026e-01 4.18869537e-07 7.21262659e-04],1,[0.01032154 0.95154366 0.0102025  0.0279323 ],1,[0.00168393 0.99436495 0.00218366 0.00176746],1,[0. 1. 0. 0.],1,[0.12376042 0.6150138  0.12348404 0.13774174],1,[1.79206524e-06 9.99996380e-01 5.12207473e-07 1.31566222e-06],1,[3.52013415e-04 9.99320650e-01 6.84560007e-05 2.58880345e-04],1,[4.65722099e-02 9.50756739e-01 1.01178103e-05 2.66093342e-03]
6025.0,12,0.2720331950207469,0,1,88.0,0.1010788381742738,2022,0.7791566874546125,409785.0,0,0.055563916174202,30,1393.0,1,30,1109.0,85,0.1840663900414937,0.0935446679214047,13881,0.19701244813278,1187.0,1639,0,0.2312033195020746,0.0146058091286307,564.6487108518593,609.0,0,1,4,0,0,0.7791566874546125,1,부산,59이하,I69,신경과,2023,3046.0,921669.0,32,4,0,1,[0.19 0.71 0.02 0.08],1,[0.00165804 0.9950525  0.00105891 0.0022306 ],1,[1.25063308e-06 9.99997296e-01 4.06677812e-07 1.04693178e-06],0,[9.97082894e-01 2.91554132e-03 4.71159762e-09 1.55973579e-06],0,[8.74782731e-01 1.08439220e-01 8.95339490e-06 1.67690959e-02],1,[0.36 0.5  0.04 0.1 ],1,[9.6197327e-04 9.9681574e-01 1.0928804e-03 1.1294646e-03],1,[2.52292003e-06 9.99995314e-01 1.00527926e-06 1.15822738e-06],0,[9.99973737e-01 1.56475912e-05 5.46115423e-18 1.06150309e-05],0,[9.33741523e-01 4.16082495e-02 3.92751136e-10 2.46502272e-02],1,[0.19 0.71 0.02 0.08],1,[0.00165804 0.9950525  0.00105891 0.0022306 ],1,[1.25063308e-06 9.99997296e-01 4.06677812e-07 1.04693178e-06],0,[9.97082894e-01 2.91554132e-03 4.71159762e-09 1.55973579e-06],0,[8.74782731e-01 1.08439220e-01 8.95339490e-06 1.67690959e-02],0,[0.38 0.15 0.17 0.3 ],0,[0.9578387  0.02098538 0.01010128 0.01107458],1,[0.00716234 0.97021947 0.02155589 0.00106231],3,[1.53372666e-03 2.96678015e-06 2.37254610e-09 9.98463304e-01],3,[1.01599222e-03 2.41745036e-03 1.45864579e-06 9.96565099e-01],1,[0.3  0.58 0.04 0.08],1,[8.6955336e-04 9.9640000e-01 1.1497557e-03 1.5807189e-03],1,[1.42703701e-06 9.99993929e-01 1.72330223e-06 2.92110403e-06],0,[9.99968811e-01 1.56771149e-05 2.72487521e-19 1.55118788e-05],0,[9.61258576e-01 2.63024117e-02 1.06634889e-09 1.24390108e-02],1,[0.29791482 0.67626245 0.00526483 0.02055791],1,[0.05063083 0.92128295 0.01652748 0.01155873],1,[0. 1. 0. 0.],1,[0.14170514 0.61195284 0.11854439 0.12779765],1,[1.25063308e-06 9.99997296e-01 4.06677812e-07 1.04693178e-06],0,[9.44459206e-01 5.54475099e-02 7.88138883e-07 9.24955093e-05],0,[8.63250471e-01 1.20224614e-01 3.46364345e-08 1.65248797e-02]
2601.0,14,0.2745098039215686,0,7,99.0,0.6874279123414071,2022,0.948856930809788,542440690.0,0,0.003343257595532,30,0.0,1,30,0.0,59,0.0,0.0351968711906518,184,0.0,0.0,714,0,0.0,0.0380622837370242,719.5842549694928,1788.0,0,1,0,1,0,0.948856930809788,3,대전,59이하,S32,신경외과,2023,2931.0,681850.0,81,5,0,3,[0.05 0.22 0.01 0.72],3,[0.00160848 0.00188456 0.00265259 0.9938544 ],3,[2.55601389e-06 3.37966256e-06 1.37005966e-06 9.99992694e-01],3,[1.83757610e-05 7.35084955e-04 1.34858245e-03 9.97897957e-01],3,[0.02496463 0.01484629 0.02909883 0.93109026],3,[0.03 0.08 0.02 0.87],3,[5.1778008e-04 5.1190105e-04 5.2214926e-04 9.9844813e-01],3,[5.71545855e-07 5.65141637e-07 6.88268812e-07 9.99998175e-01],3,[1.17253982e-07 1.06719686e-05 2.68806738e-10 9.99989211e-01],3,[3.28810966e-04 1.80785127e-04 4.52066617e-04 9.99038337e-01],3,[0.05 0.22 0.01 0.72],3,[0.00160848 0.00188456 0.00265259 0.9938544 ],3,[2.55601389e-06 3.37966256e-06 1.37005966e-06 9.99992694e-01],3,[1.83757610e-05 7.35084955e-04 1.34858245e-03 9.97897957e-01],3,[0.02496463 0.01484629 0.02909883 0.93109026],3,[0.22 0.2  0.21 0.37],3,[0.01069234 0.0116582  0.02383403 0.9538154 ],3,[4.40444083e-06 9.25651938e-05 7.54786195e-03 9.92355168e-01],1,[0.00254114 0.53545019 0.00656364 0.45544503],1,[0.00723211 0.45539029 0.23412211 0.30325549],3,[0.04 0.14 0.04 0.78],3,[7.5328205e-04 7.5816194e-04 7.6641602e-04 9.9772209e-01],3,[1.13935405e-06 1.01840154e-06 1.36885006e-06 9.99996473e-01],3,[2.57711236e-06 5.25100773e-04 6.80949509e-09 9.99472315e-01],3,[1.71113559e-03 7.91616399e-04 9.73032774e-03 9.87766920e-01],3,[0.01290276 0.05547198 0.00316349 0.92846177],3,[0.00373339 0.0045498  0.0078576  0.98385921],3,[0. 0. 0. 1.],3,[0.11155815 0.12903017 0.11172322 0.6476885 ],3,[2.55601389e-06 3.37966256e-06 1.37005966e-06 9.99992694e-01],3,[1.00840733e-03 7.49449583e-04 1.35730153e-04 9.98106413e-01],3,[0.02098045 0.00185607 0.04343623 0.93372726]
2979.0,10,0.5172876804296744,0,1,308.0,0.1859684457871769,2021,0.7791566874546125,1058474.0,0,0.055563916174202,30,13.0,0,30,410.0,2,0.1376300772071164,0.0935446679214047,66,0.0513595166163142,153.0,1541,0,0.004363880496811,0.103390399462907,545.7225485537499,554.0,0,1,4,1,0,0.7791566874546125,1,대전,59이하,I50,내과,2023,2691.0,949228.0,29,1,0,1,[0.11 0.83 0.   0.06],1,[7.6701987e-04 9.9812073e-01 4.8343101e-04 6.2885304e-04],1,[1.89081944e-06 9.99996187e-01 5.34232030e-07 1.38817687e-06],1,[6.83409867e-03 9.91718481e-01 4.53603425e-05 1.40205956e-03],1,[2.22872184e-01 7.28446216e-01 5.82502609e-04 4.80990972e-02],1,[0.05 0.83 0.06 0.06],1,[6.8906747e-04 9.9805981e-01 6.4429903e-04 6.0675223e-04],1,[7.62747872e-07 9.99997508e-01 1.05315584e-06 6.75710279e-07],1,[1.05117994e-01 8.92884844e-01 1.99713086e-07 1.99696210e-03],1,[4.15344989e-01 5.53404688e-01 2.64608027e-04 3.09857152e-02],1,[0.11 0.83 0.   0.06],1,[7.6701987e-04 9.9812073e-01 4.8343101e-04 6.2885304e-04],1,[1.89081944e-06 9.99996187e-01 5.34232030e-07 1.38817687e-06],1,[6.83409867e-03 9.91718481e-01 4.53603425e-05 1.40205956e-03],1,[2.22872184e-01 7.28446216e-01 5.82502609e-04 4.80990972e-02],1,[0.18 0.43 0.12 0.27],1,[0.01510812 0.95615155 0.01317734 0.01556308],1,[0.0023911  0.97837487 0.01658235 0.00265168],0,[0.39033991 0.35973535 0.00957895 0.24034578],1,[0.3614901  0.36629347 0.02275377 0.24946266],1,[0.07 0.82 0.02 0.09],1,[6.2889652e-04 9.9810588e-01 6.1557407e-04 6.4957404e-04],1,[5.76113899e-07 9.99997557e-01 1.03874018e-06 8.28352623e-07],1,[2.11962743e-02 9.77915124e-01 9.48728812e-08 8.88506659e-04],1,[3.42059392e-01 5.83647380e-01 3.19934240e-04 7.39732942e-02],1,[2.76922277e-02 9.57029228e-01 1.20991310e-04 1.51575603e-02],1,[0.00180891 0.99439719 0.00217546 0.00161843],1,[0. 1. 0. 0.],1,[0.11975593 0.64047563 0.11781295 0.12195547],1,[1.89081944e-06 9.99996187e-01 5.34232030e-07 1.38817687e-06],1,[0.37766009 0.52204117 0.0089009  0.09139784],1,[2.04402968e-01 7.57613538e-01 1.71296734e-04 3.78121970e-02]
10858.0,4,0.6496592374286241,0,1,704.0,0.1070178670104991,2023,0.7791566874546125,2322591.0,0,0.055563916174202,30,410.0,2,30,907.0,69,0.0835328789832381,0.0935446679214047,122,0.0571928531958003,621.0,7054,0,0.0377601768281451,0.0648369865536931,2581.929717607872,1162.0,0,1,4,0,0,0.7791566874546125,1,인천,59이하,N40,비뇨의학과,2023,2228.0,826226.0,72,2,0,1,[0.01 0.96 0.   0.03],1,[1.2387671e-03 9.9622309e-01 8.7163050e-04 1.6665468e-03],1,[1.21645811e-06 9.99996586e-01 6.15876480e-07 1.58179817e-06],1,[3.69497610e-06 9.99995248e-01 2.60879527e-07 7.96508047e-07],1,[0.0031441  0.99175744 0.00183088 0.00326758],1,[0.1  0.74 0.   0.16],1,[6.8850792e-04 9.9709189e-01 1.0701187e-03 1.1494119e-03],1,[7.45248515e-07 9.99997723e-01 7.05012698e-07 8.26906049e-07],1,[1.04834607e-05 9.99986430e-01 8.94055027e-09 3.07793646e-06],1,[3.42405997e-03 9.91351338e-01 4.81442455e-03 4.10177404e-04],1,[0.01 0.96 0.   0.03],1,[1.2387671e-03 9.9622309e-01 8.7163050e-04 1.6665468e-03],1,[1.21645811e-06 9.99996586e-01 6.15876480e-07 1.58179817e-06],1,[3.69497610e-06 9.99995248e-01 2.60879527e-07 7.96508047e-07],1,[0.0031441  0.99175744 0.00183088 0.00326758],1,[0.26 0.37 0.09 0.28],1,[0.012667   0.9623829  0.01190165 0.01304844],1,[0.0034464  0.88496023 0.10332271 0.00827066],1,[0.01199713 0.95817695 0.02433108 0.00549484],1,[0.02196241 0.87998651 0.02695274 0.07109835],1,[0.   0.88 0.   0.12],1,[7.0824905e-04 9.9712628e-01 8.7802729e-04 1.2874928e-03],1,[5.32678959e-07 9.99998058e-01 5.98287454e-07 8.10600869e-07],1,[4.81804838e-06 9.99993780e-01 4.97513510e-07 9.04179930e-07],1,[1.66551188e-03 9.93136797e-01 5.02910575e-03 1.68585496e-04],1,[2.80999588e-03 9.89054919e-01 2.18061595e-04 7.91703215e-03],1,[0.0014086  0.99530674 0.00190933 0.00137533],1,[0. 1. 0. 0.],1,[0.12068935 0.63954353 0.11642713 0.12333999],1,[1.21645811e-06 9.99996586e-01 6.15876480e-07 1.58179817e-06],1,[1.97479669e-03 9.98010256e-01 1.04075746e-05 4.53998247e-06],1,[1.89011273e-03 9.91321414e-01 5.87716945e-03 9.11304122e-04]
9239.0,14,0.7344950752245915,0,14,134.0,0.0977378504167117,2021,0.9804177421990312,316325.0,0,0.0022673903526533,30,268.0,0,30,630.0,58,0.0681891979651477,0.0114653974984324,1569,0.0560666738824548,518.0,6786,0,0.0290074683407295,0.0145037341703647,2584.325398758188,903.0,0,1,4,0,0,0.9804177421990312,0,대전,59이하,M43,정형외과,2023,2089.0,714753.0,62,12,0,0,[0.59 0.35 0.05 0.01],0,[9.9152958e-01 6.2005324e-03 7.9702598e-04 1.4729032e-03],0,[9.99993930e-01 3.35187490e-06 7.51750366e-07 1.96680035e-06],1,[4.23922481e-02 9.27953235e-01 2.94816642e-02 1.72852644e-04],1,[0.08043483 0.78164309 0.12594396 0.01197812],0,[0.48 0.48 0.   0.04],0,[9.9696380e-01 1.5239347e-03 6.7839900e-04 8.3388056e-04],0,[9.99996870e-01 1.42834611e-06 9.69676586e-07 7.31545448e-07],1,[1.39685771e-01 8.59605391e-01 7.04176347e-04 4.66172271e-06],1,[0.0765138  0.58603146 0.33568343 0.00177131],0,[0.59 0.35 0.05 0.01],0,[9.9152958e-01 6.2005324e-03 7.9702598e-04 1.4729032e-03],0,[9.99993930e-01 3.35187490e-06 7.51750366e-07 1.96680035e-06],1,[4.23922481e-02 9.27953235e-01 2.94816642e-02 1.72852644e-04],1,[0.08043483 0.78164309 0.12594396 0.01197812],0,[0.37 0.37 0.12 0.14],0,[0.9561496  0.02340794 0.0093875  0.01105505],0,[9.83835127e-01 1.57106602e-02 4.41257493e-04 1.29552439e-05],2,[0.33699406 0.00213347 0.63346498 0.02740748],2,[0.10443021 0.27565131 0.59586183 0.02405665],1,[0.37 0.59 0.   0.04],0,[9.9672616e-01 1.6163603e-03 7.5078389e-04 9.0672361e-04],0,[9.99997359e-01 9.28188015e-07 8.70310837e-07 8.42103677e-07],1,[1.46938527e-01 8.51250659e-01 1.80604357e-03 4.77130303e-06],1,[0.06625857 0.61674837 0.31635084 0.00064221],0,[0.89538088 0.08905097 0.01269944 0.00286872],0,[0.98129056 0.00919964 0.00504877 0.00446103],0,[1. 0. 0. 0.],0,[0.5803685  0.15810329 0.12911958 0.13240862],0,[9.99993930e-01 3.35187490e-06 7.51750366e-07 1.96680035e-06],0,[8.99425472e-01 8.27599421e-02 1.76736071e-02 1.40978679e-04],1,[8.10938170e-02 8.10201297e-01 1.08295606e-01 4.09279447e-04]
8948.0,3,0.7904559678140367,0,6,176.0,0.1076218149307107,2023,0.9880961659222792,660433576.0,0,0.0024123323728626,30,170.0,2,30,493.0,22,0.0550961108627626,0.0069982411686297,67,0.0081582476531068,73.0,7073,0,0.018998658918194,0.019669199821189,2753.851896283943,963.0,0,1,4,0,0,0.9880961659222792,3,대전,59이하,C34,내과,2023,2066.0,887463.0,6,1,0,3,[0.   0.31 0.1  0.59],3,[0.00156194 0.00370472 0.0019818  0.9927516 ],3,[1.27088679e-06 4.87122028e-06 1.37006532e-06 9.99992488e-01],3,[5.55642307e-04 1.49347794e-03 3.06868089e-02 9.67264071e-01],3,[0.00953969 0.20742205 0.03265667 0.7503816 ],3,[0.01 0.33 0.06 0.6 ],3,[5.7937880e-04 8.5550227e-04 9.6456503e-04 9.9760062e-01],3,[1.14555566e-06 1.47317949e-06 1.37365010e-06 9.99996008e-01],3,[0.00089369 0.08562543 0.38465892 0.52882196],3,[0.00115901 0.0700573  0.06821199 0.8605717 ],3,[0.   0.31 0.1  0.59],3,[0.00156194 0.00370472 0.0019818  0.9927516 ],3,[1.27088679e-06 4.87122028e-06 1.37006532e-06 9.99992488e-01],3,[5.55642307e-04 1.49347794e-03 3.06868089e-02 9.67264071e-01],3,[0.00953969 0.20742205 0.03265667 0.7503816 ],3,[0.01 0.31 0.15 0.53],3,[0.01068258 0.01208561 0.02428695 0.9529449 ],3,[3.93771761e-06 1.05574861e-04 5.87230541e-03 9.94018182e-01],1,[2.95207855e-04 7.01119404e-01 2.96339817e-01 2.24557147e-03],1,[0.05657745 0.61556139 0.17505308 0.15280809],3,[0.01 0.33 0.03 0.63],3,[5.6587555e-04 8.2912372e-04 1.6794528e-03 9.9692553e-01],3,[7.33363816e-07 1.42069367e-06 1.26487182e-06 9.99996581e-01],2,[4.38494630e-04 1.66451089e-02 5.44152648e-01 4.38763748e-01],3,[4.43013586e-04 3.78274065e-02 5.78660595e-02 9.03863520e-01],3,[3.90803524e-04 7.84273983e-02 2.54957920e-02 8.95686022e-01],3,[0.00403181 0.00571992 0.00902862 0.98121964],3,[0. 0. 0. 1.],3,[0.12519073 0.15802693 0.12108845 0.5956939 ],3,[1.27088679e-06 4.87122028e-06 1.37006532e-06 9.99992488e-01],3,[0.00111624 0.00105184 0.06878632 0.9290456 ],3,[2.61852639e-04 2.63882168e-02 3.74125575e-03 9.69608675e-01]
9891.0,1,0.7184308967748458,0,1,29.0,0.0586391669194217,2021,0.7215218489294294,1515660944.0,0,0.0593047621694918,30,666.0,0,30,903.0,52,0.0912951167728237,0.1506655217355791,12,0.0613689212415327,607.0,7106,0,0.0673339399454049,0.002931958345971,2689.0361656177106,580.0,0,1,2,0,0,0.7215218489294294,3,대구,59이하,G82,재활의학과,2023,1960.0,553110.0,19,10,0,3,[0.02 0.23 0.04 0.71],3,[8.6193689e-04 2.0444000e-03 9.7398821e-04 9.9611974e-01],3,[1.20171745e-06 4.84117357e-06 1.32756339e-06 9.99992630e-01],3,[1.68860720e-07 1.65491574e-11 1.49612341e-06 9.99998335e-01],3,[1.66908736e-06 9.95470630e-06 2.89254898e-04 9.99699121e-01],3,[0.01 0.22 0.03 0.74],3,[5.2191387e-04 7.7065005e-04 8.8928529e-04 9.9781811e-01],3,[5.35055436e-07 5.35786315e-07 1.47814690e-06 9.99997451e-01],3,[7.99899278e-10 3.73579807e-11 7.78992349e-10 9.99999998e-01],3,[1.58112797e-09 4.69385826e-08 2.07256399e-05 9.99979226e-01],3,[0.02 0.23 0.04 0.71],3,[8.6193689e-04 2.0444000e-03 9.7398821e-04 9.9611974e-01],3,[1.20171745e-06 4.84117357e-06 1.32756339e-06 9.99992630e-01],3,[1.68860720e-07 1.65491574e-11 1.49612341e-06 9.99998335e-01],3,[1.66908736e-06 9.95470630e-06 2.89254898e-04 9.99699121e-01],3,[0.22 0.11 0.16 0.51],3,[0.01049632 0.00724553 0.01729369 0.9649645 ],3,[6.51063272e-06 4.98638294e-05 5.83980199e-03 9.94103824e-01],3,[4.72201222e-03 9.28039807e-06 2.63469014e-04 9.95005238e-01],3,[0.03678495 0.00344783 0.01559373 0.9441735 ],3,[0.02 0.2  0.02 0.76],3,[2.8868244e-04 4.2297918e-04 5.9654203e-04 9.9869186e-01],3,[3.35490236e-07 4.43344974e-07 8.88284016e-07 9.99998333e-01],3,[4.70071115e-10 1.39769662e-12 2.42079231e-10 9.99999999e-01],3,[8.67831277e-11 2.10906792e-09 3.70959766e-06 9.99996288e-01],3,[0.00521578 0.05801231 0.01024383 0.92652809],3,[0.00359264 0.00460515 0.00780373 0.98399847],3,[0. 0. 0. 1.],3,[0.122719   0.14006425 0.11841085 0.6188059 ],3,[1.20171745e-06 4.84117357e-06 1.32756339e-06 9.99992630e-01],3,[5.99932100e-12 2.08697453e-12 1.19085873e-07 9.99999881e-01],3,[4.77434299e-07 2.15176879e-06 3.98357279e-03 9.96013798e-01]
184.0,1,0.782608695652174,0,7,6.0,0.108695652173913,2022,0.7791477237442043,115625.804,1,0.0470628070636061,30,11.0,1,30,3.0,49,0.0163043478260869,0.087579584172066,0,0.0,0.0,144,30,0.0597826086956521,0.0326086956521739,55.96308306970468,20.0,1,1,1,1,0,0.7791477237442043,0,대구,59이하,M54,재활의학과,2023,1956.0,493166.0,66,10,0,0,[0.93 0.07 0.   0.  ],0,[9.9536872e-01 2.5579128e-03 1.2021635e-03 8.7119575e-04],0,[9.99995696e-01 2.45171025e-06 5.11869533e-07 1.34021552e-06],0,[5.49974440e-01 4.49806088e-01 4.32794134e-05 1.76192595e-04],1,[0.42227836 0.56669693 0.00227302 0.00875169],0,[0.94 0.05 0.   0.01],0,[9.9844748e-01 9.3087234e-04 2.7809417e-04 3.4360850e-04],0,[9.99997965e-01 9.51719148e-07 5.07244477e-07 5.76208437e-07],0,[8.41927998e-01 1.57269561e-01 9.34262473e-10 8.02440390e-04],0,[0.71125376 0.28682971 0.00078664 0.00112989],0,[0.93 0.07 0.   0.  ],0,[9.9536872e-01 2.5579128e-03 1.2021635e-03 8.7119575e-04],0,[9.99995696e-01 2.45171025e-06 5.11869533e-07 1.34021552e-06],0,[5.49974440e-01 4.49806088e-01 4.32794134e-05 1.76192595e-04],1,[0.42227836 0.56669693 0.00227302 0.00875169],0,[0.63 0.13 0.14 0.1 ],0,[0.96559227 0.01402156 0.00955325 0.01083294],0,[9.95827457e-01 4.12853104e-03 4.07888641e-05 3.22282762e-06],0,[7.74764009e-01 2.13854786e-01 2.43053849e-05 1.13569002e-02],0,[0.84750556 0.13979457 0.00928983 0.00341004],0,[0.92 0.05 0.01 0.02],0,[9.9843127e-01 9.1899611e-04 2.3460304e-04 4.1512170e-04],0,[9.99998046e-01 1.03021182e-06 5.43767710e-07 3.80459596e-07],0,[5.38806942e-01 4.60728375e-01 7.98715473e-10 4.64681722e-04],0,[0.66349456 0.33484502 0.00079197 0.00086846],0,[9.81341104e-01 1.81400911e-02 3.00668847e-04 2.18133991e-04],0,[0.98927274 0.00447563 0.00338902 0.0028626 ],0,[1. 0. 0. 0.],0,[0.64878225 0.12303948 0.11291002 0.11526825],0,[9.99995696e-01 2.45171025e-06 5.11869533e-07 1.34021552e-06],1,[6.93594494e-02 9.30333921e-01 2.92957006e-04 1.36729635e-05],1,[4.78193781e-01 5.21016275e-01 1.66795264e-04 6.23148659e-04]
4225.0,9,0.7112426035502959,0,12,72.0,0.0837869822485207,2022,0.997340060483719,229407.0,0,0.0007030929848726,30,223.0,1,30,343.0,60,0.0811834319526627,0.001251793382787,413,0.0539644970414201,228.0,3005,0,0.0527810650887574,0.0170414201183431,1131.7935176818548,354.0,0,1,4,0,0,0.997340060483719,0,대전,59이하,C16,내과,2023,1900.0,724665.0,2,1,0,0,[0.55 0.39 0.   0.06],0,[9.9456644e-01 3.5062530e-03 7.9946715e-04 1.1278111e-03],0,[9.99996204e-01 2.02780326e-06 4.88767350e-07 1.27918330e-06],1,[1.48120337e-01 8.43300376e-01 8.55715110e-03 2.21357286e-05],0,[0.57719631 0.36575248 0.0456341  0.01141711],0,[0.43 0.42 0.06 0.09],0,[9.9801326e-01 1.1763299e-03 3.1386648e-04 4.9654918e-04],0,[9.99997622e-01 1.18328675e-06 6.04567308e-07 5.90643379e-07],1,[1.82275858e-01 8.00379241e-01 1.72266290e-02 1.18271237e-04],0,[0.67887872 0.21463253 0.10422577 0.00226298],0,[0.55 0.39 0.   0.06],0,[9.9456644e-01 3.5062530e-03 7.9946715e-04 1.1278111e-03],0,[9.99996204e-01 2.02780326e-06 4.88767350e-07 1.27918330e-06],1,[1.48120337e-01 8.43300376e-01 8.55715110e-03 2.21357286e-05],0,[0.57719631 0.36575248 0.0456341  0.01141711],0,[0.36 0.28 0.17 0.19],0,[0.96600133 0.01559154 0.00723813 0.01116896],0,[9.95989674e-01 3.97363325e-03 3.40993501e-05 2.59333019e-06],2,[0.00734674 0.23211703 0.75561429 0.00492194],0,[0.42504447 0.19306599 0.31732733 0.06456221],1,[0.37 0.45 0.08 0.1 ],0,[9.9823713e-01 1.1955990e-03 1.6561338e-04 4.0169607e-04],0,[9.99998178e-01 6.34112723e-07 4.80942659e-07 7.06625546e-07],1,[1.73047359e-01 8.15629675e-01 1.11032018e-02 2.19764874e-04],0,[0.67739153 0.21898395 0.10220904 0.00141547],0,[8.86140661e-01 9.83770702e-02 1.99988979e-04 1.52822726e-02],0,[0.97986967 0.00998087 0.00525816 0.00489131],0,[1. 0. 0. 0.],0,[0.58421284 0.1617308  0.12511355 0.12894282],0,[9.99996204e-01 2.02780326e-06 4.88767350e-07 1.27918330e-06],1,[3.00168961e-01 6.81319195e-01 1.83985665e-02 1.13277436e-04],0,[5.82233411e-01 3.72353111e-01 4.48798495e-02 5.33628899e-04]
7442.0,3,0.7632356893308251,0,6,224.0,0.1222789572695512,2023,0.9880961659222792,695206.0,0,0.0024123323728626,30,158.0,2,30,410.0,22,0.055092717011556,0.0069982411686297,67,0.0080623488309594,60.0,5680,0,0.0212308519215264,0.0300994356355818,2195.758608469216,910.0,0,1,4,0,0,0.9880961659222792,1,인천,59이하,N40,비뇨의학과,2023,29435.0,2509272.0,72,2,0,1,[0.   0.99 0.01 0.  ],1,[4.3957948e-04 9.9889958e-01 2.6039133e-04 4.0043716e-04],1,[6.90896638e-07 9.99997973e-01 3.71451110e-07 9.65101924e-07],1,[3.67083240e-04 9.99538058e-01 9.06251558e-05 4.23320423e-06],1,[0.05701886 0.93390265 0.00352195 0.00555653],1,[0.03 0.93 0.02 0.02],1,[4.6160503e-04 9.9858093e-01 4.4594498e-04 5.1149278e-04],1,[8.25667490e-07 9.99997823e-01 7.53815202e-07 5.97841431e-07],1,[2.40953610e-04 9.98808933e-01 9.42477920e-04 7.63548275e-06],1,[0.06755206 0.92336508 0.00729051 0.00179235],1,[0.   0.99 0.01 0.  ],1,[4.3957948e-04 9.9889958e-01 2.6039133e-04 4.0043716e-04],1,[6.90896638e-07 9.99997973e-01 3.71451110e-07 9.65101924e-07],1,[3.67083240e-04 9.99538058e-01 9.06251558e-05 4.23320423e-06],1,[0.05701886 0.93390265 0.00352195 0.00555653],1,[0.07 0.62 0.14 0.17],1,[0.00938318 0.9732521  0.0079858  0.0093789 ],1,[7.09962998e-04 9.92190502e-01 6.50875557e-03 5.90779662e-04],1,[2.17832702e-04 9.96665069e-01 3.08612812e-03 3.09698066e-05],1,[0.08762209 0.84055131 0.04979467 0.02203193],1,[0.06 0.9  0.03 0.01],1,[4.3213679e-04 9.9841964e-01 6.7424017e-04 4.7393818e-04],1,[4.63931586e-07 9.99998345e-01 6.59415319e-07 5.31696985e-07],1,[5.01932985e-05 9.98838359e-01 1.10947929e-03 1.96803288e-06],1,[0.05044024 0.94086977 0.00756482 0.00112517],1,[1.10067595e-04 9.97224388e-01 2.56519070e-03 1.00350565e-04],1,[0.00134467 0.99552256 0.00185049 0.00128228],1,[0. 1. 0. 0.],1,[0.12040889 0.64223754 0.11630305 0.1210505 ],1,[6.90896638e-07 9.99997973e-01 3.71451110e-07 9.65101924e-07],1,[6.59534962e-03 9.92637589e-01 7.57822711e-04 9.23888166e-06],1,[0.05712325 0.93853201 0.00320042 0.00114431]
7266.0,1,0.7357555739058629,0,13,85.0,0.0794109551334984,2022,0.9853369380093854,1252744.0,0,0.0035987382665897,30,189.0,1,30,537.0,43,0.0739058629232039,0.0063654075277739,1979,0.0732177263969171,532.0,5346,0,0.0260115606936416,0.0116983209468758,2036.0676806039623,577.0,0,1,4,0,0,0.9853369380093854,1,대전,59이하,E11,내과,2023,22656.0,1980131.0,9,1,0,1,[0.01 0.97 0.02 0.  ],1,[3.9375768e-04 9.9901843e-01 2.5147505e-04 3.3628719e-04],1,[6.89715805e-07 9.99998051e-01 3.43344954e-07 9.15792852e-07],1,[6.40555634e-04 9.99208926e-01 1.49304127e-04 1.21376336e-06],1,[0.09527838 0.89088013 0.00967514 0.00416636],1,[0.03 0.92 0.   0.05],1,[4.7476360e-04 9.9866784e-01 3.9014142e-04 4.6724864e-04],1,[4.43829792e-07 9.99998595e-01 4.84624811e-07 4.76967633e-07],1,[2.94782384e-05 9.99930538e-01 3.94587709e-05 5.24507578e-07],1,[0.16559802 0.81976162 0.0136535  0.00098687],1,[0.01 0.97 0.02 0.  ],1,[3.9375768e-04 9.9901843e-01 2.5147505e-04 3.3628719e-04],1,[6.89715805e-07 9.99998051e-01 3.43344954e-07 9.15792852e-07],1,[6.40555634e-04 9.99208926e-01 1.49304127e-04 1.21376336e-06],1,[0.09527838 0.89088013 0.00967514 0.00416636],1,[0.22 0.58 0.18 0.02],1,[0.0203039  0.9410204  0.01776042 0.02091531],1,[2.22986376e-03 9.82989197e-01 1.41516917e-02 6.29247765e-04],1,[3.90073729e-03 9.18300867e-01 7.75743328e-02 2.24062586e-04],1,[0.25913633 0.58056172 0.15000906 0.01029288],1,[0.01 0.96 0.   0.03],1,[4.3223344e-04 9.9864298e-01 3.3558713e-04 5.8915577e-04],1,[5.79321712e-07 9.99997759e-01 6.97869830e-07 9.64261493e-07],1,[6.32361912e-05 9.99915368e-01 2.11965287e-05 1.99225725e-07],1,[1.08533912e-01 8.76981813e-01 1.39732182e-02 5.11057528e-04],1,[2.59861185e-03 9.92254120e-01 5.06295460e-03 8.43007467e-05],1,[0.00138804 0.99541493 0.00188647 0.00131056],1,[0. 1. 0. 0.],1,[0.12121015 0.6427226  0.11693681 0.1191304 ],1,[6.89715805e-07 9.99998051e-01 3.43344954e-07 9.15792852e-07],1,[9.14331169e-03 9.89671234e-01 1.17593341e-03 9.52066846e-06],1,[1.08401228e-01 8.83661583e-01 7.66922244e-03 2.67966740e-04]
16499.0,2,0.0,0,3,0.0,0.0,2022,0.948747347669916,1571187280.0,0,0.0053849166550877,30,4.0,1,30,0.0,11,0.0,0.0120375850037594,15380,0.9997575610643068,16495.0,0,0,0.000242438935693,0.0,6733.729142656887,0.0,0,1,0,0,0,0.948747347669916,3,부산,59이하,L30,피부과,2023,21747.0,897897.0,58,14,0,3,[0.05 0.33 0.03 0.59],3,[0.00164369 0.00115857 0.00213228 0.9950655 ],3,[1.25603154e-06 4.68730495e-06 1.36287750e-06 9.99992694e-01],3,[4.76169883e-13 1.50982682e-09 2.49569159e-06 9.99997503e-01],3,[1.67335109e-07 8.59269512e-05 2.43432823e-03 9.97479577e-01],3,[0.05 0.27 0.02 0.66],3,[6.6520664e-04 5.7415699e-04 1.2113187e-03 9.9754936e-01],3,[7.83277040e-07 8.28333977e-07 1.64027456e-06 9.99996748e-01],3,[5.12405198e-19 3.27253027e-06 3.23603189e-08 9.99996695e-01],3,[1.13890623e-11 6.28735446e-06 5.41280444e-02 9.45865668e-01],3,[0.05 0.33 0.03 0.59],3,[0.00164369 0.00115857 0.00213228 0.9950655 ],3,[1.25603154e-06 4.68730495e-06 1.36287750e-06 9.99992694e-01],3,[4.76169883e-13 1.50982682e-09 2.49569159e-06 9.99997503e-01],3,[1.67335109e-07 8.59269512e-05 2.43432823e-03 9.97479577e-01],0,[0.33 0.08 0.26 0.33],3,[0.01035561 0.00694918 0.03066686 0.95202833],3,[8.92447181e-06 3.55306930e-05 1.68647411e-02 9.83090804e-01],2,[4.21256604e-06 1.90675022e-07 9.56540960e-01 4.34546366e-02],2,[8.54992185e-05 2.61482602e-05 9.99752058e-01 1.36294320e-04],3,[0.03 0.24 0.   0.73],3,[8.9621509e-04 7.0624362e-04 1.7953874e-03 9.9660218e-01],3,[9.03818766e-07 7.16728246e-07 1.09683095e-06 9.99997283e-01],3,[2.45000011e-17 1.21535205e-08 2.15336144e-08 9.99999966e-01],3,[3.98804764e-11 6.56497994e-07 1.62168843e-02 9.83782459e-01],3,[0.01291124 0.08279081 0.00803341 0.89626455],3,[0.00434013 0.00584247 0.00918611 0.98063129],3,[0. 0. 0. 1.],3,[0.12517704 0.13197175 0.11179899 0.6310522 ],3,[1.25603154e-06 4.68730495e-06 1.36287750e-06 9.99992694e-01],3,[2.10668742e-16 1.29764118e-12 1.47869705e-07 9.99999852e-01],3,[6.02732983e-10 1.49632354e-04 2.82875962e-02 9.71562771e-01]
3520.0,2,0.7934659090909091,0,1,15.0,0.1269886363636363,2022,0.7791566874546125,1377971.0,0,0.055563916174202,30,44.0,1,30,157.0,9,0.0446022727272727,0.0935446679214047,278,0.0181818181818181,64.0,2793,0,0.0125,0.0042613636363636,1092.38247270206,447.0,0,1,4,1,0,0.7791566874546125,1,대전,59이하,M17,정형외과,2023,17450.0,2991075.0,60,12,0,1,[0.   0.95 0.02 0.03],1,[6.0998730e-04 9.9859864e-01 3.8254028e-04 4.0879488e-04],1,[7.90152096e-07 9.99997901e-01 3.63790506e-07 9.45198870e-07],1,[2.77991488e-05 9.99970597e-01 7.14782039e-07 8.89296506e-07],1,[4.18977574e-02 9.52007378e-01 2.57405902e-04 5.83745854e-03],1,[0.03 0.89 0.02 0.06],1,[6.9193245e-04 9.9817562e-01 6.9477741e-04 4.3764687e-04],1,[4.37575934e-07 9.99998856e-01 3.25508550e-07 3.81003184e-07],1,[8.77608719e-07 9.99998988e-01 1.68278119e-09 1.32488467e-07],1,[4.57369428e-02 9.52929412e-01 9.76948778e-05 1.23595015e-03],1,[0.   0.95 0.02 0.03],1,[6.0998730e-04 9.9859864e-01 3.8254028e-04 4.0879488e-04],1,[7.90152096e-07 9.99997901e-01 3.63790506e-07 9.45198870e-07],1,[2.77991488e-05 9.99970597e-01 7.14782039e-07 8.89296506e-07],1,[4.18977574e-02 9.52007378e-01 2.57405902e-04 5.83745854e-03],1,[0.16 0.47 0.15 0.22],1,[0.02091256 0.93410015 0.02408422 0.02090303],1,[0.00161202 0.97287169 0.02372874 0.00178756],1,[0.18436738 0.78326737 0.00216112 0.03020413],1,[0.12034368 0.83032309 0.01370611 0.03562712],1,[0.08 0.82 0.02 0.08],1,[6.8961218e-04 9.9857008e-01 3.6110028e-04 3.7914907e-04],1,[5.35630758e-07 9.99998674e-01 4.33992458e-07 3.55942947e-07],1,[3.39533627e-07 9.99999631e-01 1.49693512e-09 2.84275111e-08],1,[4.32483328e-02 9.54961768e-01 1.13158704e-04 1.67674022e-03],1,[1.52694363e-04 9.87149134e-01 5.09572602e-03 7.60243502e-03],1,[0.00139607 0.99530356 0.00191554 0.00138484],1,[0. 1. 0. 0.],1,[0.11727266 0.6461596  0.11672563 0.11984215],1,[7.90152096e-07 9.99997901e-01 3.63790506e-07 9.45198870e-07],1,[1.66994943e-03 9.98324729e-01 4.15088267e-06 1.17072063e-06],1,[3.51357800e-02 9.61300903e-01 1.01907247e-04 3.46140941e-03]
3097.0,13,0.6444946722634808,0,1,497.0,0.1753309654504359,2021,0.7791566874546125,1463432.0,1,0.055563916174202,30,27.0,0,30,22.0,35,0.0071036486922828,0.0935446679214047,90,0.0038747174685179,12.0,1996,30,0.0087181143041653,0.1604778818211172,765.3316710202621,543.0,1,1,4,1,0,0.7791566874546125,1,대전,59이하,I20,내과,2023,17077.0,2205978.0,27,1,0,1,[0.01 0.94 0.01 0.04],1,[8.7871228e-04 9.9780995e-01 7.5528421e-04 5.5605557e-04],1,[2.00730308e-06 9.99995919e-01 5.76379738e-07 1.49756146e-06],1,[8.82812819e-03 9.89917874e-01 1.17836906e-03 7.56287660e-05],1,[0.13990153 0.80782131 0.03680977 0.01546739],1,[0.03 0.91 0.01 0.05],1,[7.3420169e-04 9.9796557e-01 8.3581061e-04 4.6438238e-04],1,[1.03898807e-06 9.99996113e-01 1.85051740e-06 9.97605057e-07],1,[1.41805562e-04 9.99692121e-01 1.37230760e-04 2.88425988e-05],1,[0.12121172 0.82220226 0.05558236 0.00100366],1,[0.01 0.94 0.01 0.04],1,[8.7871228e-04 9.9780995e-01 7.5528421e-04 5.5605557e-04],1,[2.00730308e-06 9.99995919e-01 5.76379738e-07 1.49756146e-06],1,[8.82812819e-03 9.89917874e-01 1.17836906e-03 7.56287660e-05],1,[0.13990153 0.80782131 0.03680977 0.01546739],1,[0.1  0.65 0.18 0.07],1,[0.01593887 0.9497733  0.01835621 0.01593161],1,[0.00171766 0.96870296 0.02695392 0.00262547],1,[9.70693208e-04 9.93345311e-01 3.78906924e-03 1.89492614e-03],1,[0.2076824  0.479376   0.26180883 0.05113277],1,[0.06 0.85 0.04 0.05],1,[7.020488e-04 9.977731e-01 1.038030e-03 4.867390e-04],1,[2.06133003e-06 9.99994367e-01 2.30091547e-06 1.27047098e-06],1,[9.81819118e-04 9.98817306e-01 1.80941967e-04 1.99332115e-05],1,[1.25687248e-01 8.32167437e-01 4.13419990e-02 8.03316031e-04],1,[0.00272018 0.98445147 0.00268897 0.01013939],1,[0.00143025 0.9952158  0.00193895 0.001415  ],1,[0. 1. 0. 0.],1,[0.11794999 0.6415691  0.11853314 0.12194779],1,[2.00730308e-06 9.99995919e-01 5.76379738e-07 1.49756146e-06],1,[0.06850079 0.8553048  0.07330182 0.00289259],1,[0.11904035 0.86192158 0.01793118 0.00110689]
2228.0,4,0.7383303411131059,0,2,4.0,0.1916517055655296,2023,0.996996731480962,826226.0,0,0.0004791649526022,30,29.0,2,30,94.0,72,0.0421903052064632,0.0006122061874975,595,0.013016157989228,29.0,1645,0,0.013016157989228,0.0017953321364452,643.6703089833076,427.0,0,1,4,1,0,0.996996731480962,1,대전,59이하,M48,정형외과,2023,16763.0,3479842.0,63,12,0,1,[0.03 0.92 0.   0.05],1,[8.7693561e-04 9.9790490e-01 6.3049135e-04 5.8769574e-04],1,[1.13710703e-06 9.99997465e-01 3.99272771e-07 9.98904114e-07],1,[3.69461158e-04 9.99616121e-01 4.31595489e-06 1.01021163e-05],1,[0.07855952 0.91297942 0.0024659  0.00599516],1,[0.05 0.83 0.   0.12],1,[7.3594047e-04 9.9777693e-01 1.0216212e-03 4.6548189e-04],1,[3.95138430e-07 9.99998900e-01 3.24791740e-07 3.80315497e-07],1,[8.65510891e-06 9.99987958e-01 2.20038304e-09 3.38500988e-06],1,[0.09083503 0.90671085 0.00151385 0.00094028],1,[0.03 0.92 0.   0.05],1,[8.7693561e-04 9.9790490e-01 6.3049135e-04 5.8769574e-04],1,[1.13710703e-06 9.99997465e-01 3.99272771e-07 9.98904114e-07],1,[3.69461158e-04 9.99616121e-01 4.31595489e-06 1.01021163e-05],1,[0.07855952 0.91297942 0.0024659  0.00599516],1,[0.11 0.6  0.15 0.14],1,[0.01883793 0.93871    0.02362272 0.01882935],1,[9.24216105e-04 9.88793806e-01 9.80346766e-03 4.78509902e-04],1,[0.01162029 0.96092481 0.00637359 0.02108131],1,[0.01352678 0.92751817 0.039315   0.01964005],1,[0.04 0.86 0.02 0.08],1,[7.179349e-04 9.980634e-01 9.015366e-04 3.171627e-04],1,[5.77186038e-07 9.99998686e-01 3.85605167e-07 3.51304184e-07],1,[2.14218324e-05 9.99970253e-01 4.20992451e-09 8.32112556e-06],1,[6.51899700e-02 9.32397256e-01 2.09521115e-03 3.17562885e-04],1,[7.71951818e-03 9.79475590e-01 1.57722657e-04 1.26471737e-02],1,[0.00149604 0.99506515 0.00198018 0.00145863],1,[0. 1. 0. 0.],1,[0.11743651 0.6456655  0.11688836 0.12000959],1,[1.13710703e-06 9.99997465e-01 3.99272771e-07 9.98904114e-07],1,[1.67834182e-03 9.98315226e-01 6.25804537e-06 1.73875134e-07],1,[0.08142131 0.91463414 0.00277324 0.0011713 ]
