년도,pred_cost,cost_growth,scenario
2021,2289778555.024678,,1
2022,33403727.54549798,-0.9854118087217661,1
2023,685358893.2970219,19.51743753338665,1
