indicator,value
병상가동률(연인원기준),67.42543490321732
병상가동률(실인원기준),7.442146337710363
병상당 의사수,0.16719852659603568
병상당 간호사수,1.7106256496289138
의사당 입원환자수(연인원),4.0326572414194946
의사당 입원환자수(실인원),0.4451083684302526
의사당 외래환자수(연인원),10.625261564802186
의사당 외래환자수(실인원),2.0150792500638692
입원환자당 간호사수(연인원),2.5370628340541685
입원환자당 간호사수(실인원),22.985649193176194
외래대입원비,0.37953486761947514
CI,1.0
평균진료비증감률,9.266012862332442
