{
  "timestamp": "2025-06-29T06:05:50.253721",
  "test_data_size": 864,
  "train_data_size": 3456,
  "num_classes": 15,
  "class_distribution": {
    "내과": 299,
    "정형외과": 143,
    "재활의학과": 84,
    "신경과": 72,
    "비뇨의학과": 66,
    "치과": 52,
    "안과": 38,
    "신경외과": 32,
    "피부과": 23,
    "외과": 13,
    "응급실": 12,
    "가정의학과": 12,
    "정신건강의학과": 8,
    "소아청소년과": 6,
    "이비인후과": 4
  },
  "models": [
    {
      "model_name": "XGB",
      "accuracy": 0.7907541040489607,
      "macro_f1": 0.7874982073499663,
      "weighted_f1": 0.8134825904326456,
      "balanced_accuracy": 0.8403793802181622,
      "top3_accuracy": 0.9767851366502983,
      "top5_accuracy": 0.9943598461908897,
      "roc_auc_macro": NaN,
      "roc_auc_weighted": 0,
      "f1_scores_by_class": [
        0.630662327381476,
        0.6623076186128816,
        0.9918344044151015,
        1.0,
        0.6554238745134402,
        0.9801390598489637,
        0.38662195232484364,
        0.9563303994583615,
        1.0,
        1.0,
        0.9474558394857698,
        0.1158434894162925,
        0.9713703329969727,
        0.9159511866865839,
        0.5985326251088096
      ],
      "classes": [
        0,
        1,
        2,
        3,
        4,
        5,
        6,
        7,
        8,
        9,
        10,
        11,
        12,
        13,
        14
      ]
    },
    {
      "model_name": "LGB",
      "accuracy": 0.8294568929943567,
      "macro_f1": 0.8019803574211224,
      "weighted_f1": 0.8488945058779606,
      "balanced_accuracy": 0.8365525746267799,
      "top3_accuracy": 0.9749083282460881,
      "top5_accuracy": 0.9971000675326739,
      "roc_auc_macro": 0.9807889831867443,
      "roc_auc_weighted": 0.9678082600624516,
      "f1_scores_by_class": [
        0.630662327381476,
        0.752267360992674,
        0.9902310589789222,
        1.0,
        0.710508634847957,
        0.9801390598489637,
        0.4604130461140525,
        0.9563303994583615,
        1.0,
        1.0,
        0.9474558394857698,
        0.1158434894162925,
        0.9713703329969727,
        0.9159511866865839,
        0.5985326251088096
      ],
      "classes": [
        "가정의학과",
        "내과",
        "비뇨의학과",
        "소아청소년과",
        "신경과",
        "신경외과",
        "안과",
        "외과",
        "응급실",
        "이비인후과",
        "재활의학과",
        "정신건강의학과",
        "정형외과",
        "치과",
        "피부과"
      ]
    },
    {
      "model_name": "GB",
      "accuracy": 0.8181246995282442,
      "macro_f1": 0.8127135767132349,
      "weighted_f1": 0.841351327862363,
      "balanced_accuracy": 0.8373185395242844,
      "top3_accuracy": 0.972273500032834,
      "top5_accuracy": 0.994171759992282,
      "roc_auc_macro": 0.9813864102075502,
      "roc_auc_weighted": 0.9687953219066389,
      "f1_scores_by_class": [
        0.630662327381476,
        0.7212534975392199,
        0.9873027709614112,
        1.0,
        0.7240641284696373,
        0.9801390598489637,
        0.38662195232484364,
        0.9563303994583615,
        1.0,
        1.0,
        0.9474558394857698,
        0.1158434894162925,
        0.9713703329969727,
        0.9159511866865839,
        0.8537086661289903
      ],
      "classes": [
        "가정의학과",
        "내과",
        "비뇨의학과",
        "소아청소년과",
        "신경과",
        "신경외과",
        "안과",
        "외과",
        "응급실",
        "이비인후과",
        "재활의학과",
        "정신건강의학과",
        "정형외과",
        "치과",
        "피부과"
      ]
    },
    {
      "model_name": "RF",
      "accuracy": 0.9068235564992294,
      "macro_f1": 0.8932424472253812,
      "weighted_f1": 0.9020682114447042,
      "balanced_accuracy": 0.8466656105900984,
      "top3_accuracy": 0.9704980311752874,
      "top5_accuracy": 0.9924125054622016,
      "roc_auc_macro": 0.9845182127161242,
      "roc_auc_weighted": 0.9731078906726828,
      "f1_scores_by_class": [
        0.630662327381476,
        0.8736531863459122,
        0.9918344044151015,
        1.0,
        0.756770342444235,
        0.9801390598489637,
        0.5367375608481165,
        0.9563303994583615,
        1.0,
        1.0,
        0.9474558394857698,
        0.984023402340234,
        0.9713703329969727,
        0.9159511866865839,
        0.8537086661289903
      ],
      "classes": [
        "가정의학과",
        "내과",
        "비뇨의학과",
        "소아청소년과",
        "신경과",
        "신경외과",
        "안과",
        "외과",
        "응급실",
        "이비인후과",
        "재활의학과",
        "정신건강의학과",
        "정형외과",
        "치과",
        "피부과"
      ]
    },
    {
      "model_name": "LR",
      "accuracy": 0.7818791919103477,
      "macro_f1": 0.8403863957327673,
      "weighted_f1": 0.8041381004617709,
      "balanced_accuracy": 0.864823169357824,
      "top3_accuracy": 0.9853989981167058,
      "top5_accuracy": 0.9968122632201493,
      "roc_auc_macro": 0.9873282005071794,
      "roc_auc_weighted": 0.974000313711235,
      "f1_scores_by_class": [
        0.630662327381476,
        0.6276254955552771,
        0.9918344044151015,
        1.0,
        0.6554238745134402,
        0.9801390598489637,
        0.35235980332560035,
        0.9563303994583615,
        1.0,
        1.0,
        0.9474558394857698,
        0.984023402340234,
        0.9713703329969727,
        0.9159511866865839,
        0.5926198099837279
      ],
      "classes": [
        "가정의학과",
        "내과",
        "비뇨의학과",
        "소아청소년과",
        "신경과",
        "신경외과",
        "안과",
        "외과",
        "응급실",
        "이비인후과",
        "재활의학과",
        "정신건강의학과",
        "정형외과",
        "치과",
        "피부과"
      ]
    },
    {
      "model_name": "Voting",
      "accuracy": 0.8079826376981493,
      "macro_f1": 0.8430115889379908,
      "weighted_f1": 0.8292676648333059,
      "balanced_accuracy": 0.8387234527799313,
      "top3_accuracy": 0.9751491110089608,
      "top5_accuracy": 0.9972881537312815,
      "roc_auc_macro": 0.9817568954786916,
      "roc_auc_weighted": 0.968989421102236,
      "f1_scores_by_class": [
        0.630662327381476,
        0.7025478167113018,
        0.9918344044151015,
        1.0,
        0.7221460971460971,
        0.9801390598489637,
        0.24418034249018908,
        0.9563303994583615,
        1.0,
        1.0,
        0.9474558394857698,
        0.984023402340234,
        0.9713703329969727,
        0.9159511866865839,
        0.5985326251088096
      ],
      "classes": [
        "가정의학과",
        "내과",
        "비뇨의학과",
        "소아청소년과",
        "신경과",
        "신경외과",
        "안과",
        "외과",
        "응급실",
        "이비인후과",
        "재활의학과",
        "정신건강의학과",
        "정형외과",
        "치과",
        "피부과"
      ]
    },
    {
      "model_name": "Stacking",
      "accuracy": 0.9068235564992294,
      "macro_f1": 0.8932424472253812,
      "weighted_f1": 0.9020682114447042,
      "balanced_accuracy": 0.8466656105900984,
      "top3_accuracy": 0.9719281348578044,
      "top5_accuracy": 0.9935515619667006,
      "roc_auc_macro": 0.9765586793202441,
      "roc_auc_weighted": 0.9713683907199097,
      "f1_scores_by_class": [
        0.630662327381476,
        0.8736531863459122,
        0.9918344044151015,
        1.0,
        0.756770342444235,
        0.9801390598489637,
        0.5367375608481165,
        0.9563303994583615,
        1.0,
        1.0,
        0.9474558394857698,
        0.984023402340234,
        0.9713703329969727,
        0.9159511866865839,
        0.8537086661289903
      ],
      "classes": [
        "가정의학과",
        "내과",
        "비뇨의학과",
        "소아청소년과",
        "신경과",
        "신경외과",
        "안과",
        "외과",
        "응급실",
        "이비인후과",
        "재활의학과",
        "정신건강의학과",
        "정형외과",
        "치과",
        "피부과"
      ]
    }
  ]
}