{
  "총_현재_진료비": 242412770437.2905,
  "총_최적_진료비": 266654047562.98346,
  "총_변화량": 24241277125.69297,
  "평균_변화율": 27.11941933333333,
  "최적화_상태": "Optimal",
  "목적함수_값": 1005227.5514456865
}