{
  "총_현재_진료비": 242541286027.43604,
  "총_최적_진료비": 269175475029.18613,
  "총_변화량": 26634189001.75011,
  "평균_변화율": 28.308601650933703,
  "최적화_성공": false,
  "반복횟수": 9,
  "목적함수_값": 1006025.7140100284,
  "추정_완료_수": 200,
  "추정_실패_수": 0
}