total_revenue,avg_daily_patients,avg_bed_utilization,veteran_ratio_maintained,general_ratio_achieved
2436844305.7802925,111.97260273972603,0.8023629074888284,0.6957181306581844,0.3042818693418155
