{
  "timestamp": "2025-07-02T02:31:59.830537",
  "전국_총병상수": 2610,
  "전국_총예측환자수": 584553,
  "전국_평균병상가동률": 61.3607685600822,
  "전국_최적평균병상가동률": 61.3607685600822,
  "총변화량": 0,
  "증가병원수": 0,
  "감소병원수": 0,
  "변화없음병원수": 5,
  "가동률_개선_병원수": 0,
  "가동률_악화_병원수": 0,
  "가동률_동일_병원수": 5,
  "총병원수": 5
}