feature,importance
연인원,0.15839895492694991
age_diversity,0.13744425319391934
60-64_ratio,0.09903522190443625
59이하_ratio,0.09422597808569445
70-79_ratio,0.09379850332634408
65-69_ratio,0.09278696048979768
90이상_ratio,0.09057665286658383
80-89_ratio,0.08717306297571546
disease_encoded,0.0832114395443861
year_encoded,0.03334376613981639
is_inpatient,0.03000520654635652
