병원명,격리병실,무균치료실,물리치료실,분만실,수술실,신생아실,응급실,인공신장실,일반입원실_상급,일반입원실_일반,정신과개방_일반,정신과폐쇄_일반,중환자실_성인,회복실,총병상수,격리병실_예측_KNN,무균치료실_예측_KNN,물리치료실_예측_KNN,분만실_예측_KNN,수술실_예측_KNN,신생아실_예측_KNN,응급실_예측_KNN,인공신장실_예측_KNN,일반입원실_상급_예측_KNN,일반입원실_일반_예측_KNN,정신과개방_일반_예측_KNN,정신과폐쇄_일반_예측_KNN,중환자실_성인_예측_KNN,회복실_예측_KNN,총병상수_예측_KNN
광주,2,0,36,2,8,5,16,31,10,502,0,0,26,7,645,2.000000218901704,0.0,36.00000000203546,1.9999999750744886,7.999999962272489,4.999999875372445,15.999999938025462,30.999999900976437,10.000000014837457,501.9999979776411,0.0,0.0,25.999999937346978,6.999999938025464,644.9999977405095
서울,28,2,25,1,15,6,25,25,5,830,6,60,54,10,1092,27.999999366856258,1.9999999277040712,25.000000343503487,1.0000000181065918,14.999999728922877,5.999999873645173,24.999999620544205,25.00000012668092,5.000000126615704,829.9999867723234,5.999999783112213,59.99999783112214,53.999998951774245,9.999999837431988,1091.999982308343
부산,19,0,33,1,7,0,13,26,7,426,0,0,24,4,560,18.999999487273854,0.0,33.00000058288575,1.0000001286726616,6.999999942679629,2.7572713196489543e-07,12.999999947029519,25.999999802149993,7.00000008875185,425.9999984893241,0.0,0.0,23.999999887534205,3.999999965411328,559.99999859744
대구,3,0,39,1,6,0,14,28,14,416,0,0,23,5,549,3.000000452442974,0.0,39.00000026785337,1.0000001441240671,5.999999999967602,3.0883728663368097e-07,13.999999876497485,27.999999650049208,13.999999650211201,415.99999894962923,0.0,0.0,22.999999938200144,4.999999897086637,548.9999991348992
대전,9,0,58,8,5,15,9,13,4,355,0,0,19,1,496,8.999999784741592,0.0,57.999999083853986,7.999999784394642,4.999999986135166,14.999999568442336,8.999999944887614,13.000000033627783,4.000000174010857,354.999997605161,0.0,0.0,18.99999988769354,1.000000058234918,495.9999959111834
인천,0,0,13,0,3,0,0,0,6,124,0,0,7,1,154,0.0,0.0,13.0,0.0,3.0,0.0,0.0,0.0,6.0,124.0,0.0,0.0,7.0,1.0,154.0
