confidence_bin,accuracy,total_weight
0-0.5,0.4740061162079511,159064
0.5-0.7,0.6325459317585301,1008525
0.7-0.8,0.75,1425733
0.8-0.9,,0
0.9-1.0,1.0,3238670
