{
  "현재상태": {
    "가동률_표준편차": 11.375969746722465,
    "평균_가동률": 58.60668380355915,
    "최소_가동률": 44.804530517121414,
    "최대_가동률": 78.63531293320993
  },
  "SciPy_SLSQP": {
    "가동률_표준편차": 4.504278881596677e-06,
    "평균_가동률": 61.335587316688446,
    "최소_가동률": 61.335583543297375,
    "최대_가동률": 61.335596380108456
  },
  "Genetic_Algorithm": {
    "가동률_표준편차": 17.34318513908491,
    "평균_가동률": 57.39313570599989,
    "최소_가동률": 38.38551941886028,
    "최대_가동률": 88.2144166964745
  }
}