,격리병실,무균치료실,물리치료실,분만실,수술실,신생아실,응급실,인공신장실,일반입원실_상급,일반입원실_일반,정신과개방_일반,정신과폐쇄_일반,중환자실_성인,회복실,총병상수,격리병실_예측_DecisionTree,무균치료실_예측_DecisionTree,물리치료실_예측_DecisionTree,분만실_예측_DecisionTree,수술실_예측_DecisionTree,신생아실_예측_DecisionTree,응급실_예측_DecisionTree,인공신장실_예측_DecisionTree,일반입원실_상급_예측_DecisionTree,일반입원실_일반_예측_DecisionTree,정신과개방_일반_예측_DecisionTree,정신과폐쇄_일반_예측_DecisionTree,중환자실_성인_예측_DecisionTree,회복실_예측_DecisionTree,총병상수_예측_DecisionTree
0,2,0,36,2,8,5,16,31,10,502,0,0,26,7,645,1.0,1.0,34.5,5.0,11.5,8.666666666666666,20.5,29.5,10.333333333333334,666.0,3.0,30.0,40.0,8.5,868.5
2,28,2,25,1,15,6,25,25,5,830,6,60,54,10,1092,23.5,1.0,19.0,0.5,11.5,8.666666666666666,20.5,25.5,5.0,666.0,3.0,30.0,40.0,8.5,868.5
4,19,0,33,1,7,0,13,26,7,426,0,0,24,4,560,23.5,0.0,34.5,1.0,6.5,0.0,13.5,25.5,10.333333333333334,421.0,0.0,0.0,23.5,4.5,554.5
6,3,0,39,1,6,0,14,28,14,416,0,0,23,5,549,6.0,0.0,48.5,1.0,6.5,0.0,13.5,29.5,10.333333333333334,421.0,0.0,0.0,23.5,4.5,554.5
8,9,0,58,8,5,15,9,13,4,355,0,0,19,1,496,6.0,0.0,48.5,5.0,4.0,8.666666666666666,4.5,6.5,5.0,239.5,0.0,0.0,13.0,1.0,325.0
10,0,0,13,0,3,0,0,0,6,124,0,0,7,1,154,1.0,0.0,19.0,0.5,4.0,0.0,4.5,6.5,5.0,239.5,0.0,0.0,13.0,1.0,325.0
