,병원명,격리병실,무균치료실,물리치료실,분만실,수술실,신생아실,응급실,인공신장실,일반입원실_상급,일반입원실_일반,정신과개방_일반,정신과폐쇄_일반,중환자실_성인,회복실,총병상수,격리병실_예측_KNN,무균치료실_예측_KNN,물리치료실_예측_KNN,분만실_예측_KNN,수술실_예측_KNN,신생아실_예측_KNN,응급실_예측_KNN,인공신장실_예측_KNN,일반입원실_상급_예측_KNN,일반입원실_일반_예측_KNN,정신과개방_일반_예측_KNN,정신과폐쇄_일반_예측_KNN,중환자실_성인_예측_KNN,회복실_예측_KNN,총병상수_예측_KNN
0,광주,2,0,36,2,8,5,16,31,10,502,0,0,26,7,645,2.0000002822643435,0.0,36.00000000369212,1.9999999675433342,7.999999950699649,4.999999837716672,15.999999919473689,30.999999871404043,10.000000020535802,501.99999736485654,0.0,0.0,25.999999918242985,6.999999919473687,644.9999970559028
2,서울,28,2,25,1,15,6,25,25,5,830,6,60,54,10,1092,28.0,2.0,25.0,1.0,15.0,6.0,25.0,25.0,5.0,830.0,6.0,60.0,54.0,10.0,1092.0
4,부산,19,0,33,1,7,0,13,26,7,426,0,0,24,4,560,18.99999929796418,0.0,33.000000198726966,1.000000019121917,6.999999995561714,9.560958418107021e-08,13.000000080925952,26.000000142729984,7.000000222287164,426.00000121766357,0.0,0.0,24.000000014683632,4.000000080925952,560.0000013662006
6,대구,3,0,39,1,6,0,14,28,14,416,0,0,23,5,549,3.0000004107744966,0.0,39.000000210699184,1.0000001201495217,6.000000002072608,2.5746326077785105e-07,13.999999894942087,27.999999704063086,13.999999693700055,415.99999914535096,0.0,0.0,22.999999950579955,4.999999912106306,548.9999993019015
8,대전,9,0,58,8,5,15,9,13,4,355,0,0,19,1,496,8.999999733904328,0.0,57.99999885832803,7.999999734863484,4.999999980917469,14.999999470686124,8.99999992271072,13.000000021859396,4.000000207888924,354.99999686051785,0.0,0.0,18.99999985117638,1.0000000686568697,495.9999947115095
10,인천,0,0,13,0,3,0,0,0,6,124,0,0,7,1,154,0.0,0.0,13.0,0.0,3.0,0.0,0.0,0.0,6.0,124.0,0.0,0.0,7.0,1.0,154.0
