,격리병실,무균치료실,물리치료실,분만실,수술실,신생아실,응급실,인공신장실,일반입원실_상급,일반입원실_일반,정신과개방_일반,정신과폐쇄_일반,중환자실_성인,회복실,총병상수,격리병실_예측_KNN,무균치료실_예측_KNN,물리치료실_예측_KNN,분만실_예측_KNN,수술실_예측_KNN,신생아실_예측_KNN,응급실_예측_KNN,인공신장실_예측_KNN,일반입원실_상급_예측_KNN,일반입원실_일반_예측_KNN,정신과개방_일반_예측_KNN,정신과폐쇄_일반_예측_KNN,중환자실_성인_예측_KNN,회복실_예측_KNN,총병상수_예측_KNN
0,2,0,36,2,8,5,16,31,10,502,0,0,26,7,645,2.0000001995910335,0.0,36.000000002610726,1.9999999770496717,7.999999965139387,4.999999885248358,15.999999943059303,30.99999990906893,10.000000014521007,501.9999981366722,0.0,0.0,25.99999994218906,6.999999943059299,644.999997918209
2,28,2,25,1,15,6,25,25,5,830,6,60,54,10,1092,28.0,2.0,25.0,1.0,15.0,6.0,25.0,25.0,5.0,830.0,6.0,60.0,54.0,10.0,1092.0
4,19,0,33,1,7,0,13,26,7,426,0,0,24,4,560,18.999999594679423,0.0,33.000000114735066,1.0000000110400442,6.9999999974375555,5.520022015983821e-08,13.000000046722622,26.0000000824052,7.0000001283375575,426.0000007030185,0.0,0.0,24.000000008477603,4.000000046722622,560.0000007887764
6,3,0,39,1,6,0,14,28,14,416,0,0,23,5,549,3.0,0.0,39.0,1.0,6.0,0.0,14.0,28.0,14.0,416.0,0.0,0.0,23.0,5.0,549.0
8,9,0,58,8,5,15,9,13,4,355,0,0,19,1,496,8.999999733904328,0.0,57.99999885832803,7.999999734863484,4.999999980917469,14.999999470686124,8.99999992271072,13.000000021859396,4.000000207888924,354.99999686051785,0.0,0.0,18.99999985117638,1.0000000686568697,495.9999947115095
10,0,0,13,0,3,0,0,0,6,124,0,0,7,1,154,0.0,0.0,13.0,0.0,3.0,0.0,0.0,0.0,6.0,124.0,0.0,0.0,7.0,1.0,154.0
