{
  "총_현재_진료비": 242541286027.43604,
  "총_최적_진료비": 266795414598.2292,
  "총_변화량": 24254128570.79316,
  "평균_변화율": 28.22192138888889,
  "최적화_상태": "Optimal",
  "목적함수_값": 1005154.1218708076,
  "추정_완료_수": 200,
  "추정_실패_수": 0
}