병원명,격리병실,무균치료실,물리치료실,분만실,수술실,신생아실,응급실,인공신장실,일반입원실_상급,일반입원실_일반,정신과개방_일반,정신과폐쇄_일반,중환자실_성인,회복실,총병상수,격리병실_예측_KNN,무균치료실_예측_KNN,물리치료실_예측_KNN,분만실_예측_KNN,수술실_예측_KNN,신생아실_예측_KNN,응급실_예측_KNN,인공신장실_예측_KNN,일반입원실_상급_예측_KNN,일반입원실_일반_예측_KNN,정신과개방_일반_예측_KNN,정신과폐쇄_일반_예측_KNN,중환자실_성인_예측_KNN,회복실_예측_KNN,총병상수_예측_KNN
광주,2,0,36,2,8,5,16,31,10,502,0,0,26,7,645,2.0000002126126306,0.0,36.00000000255583,1.9999999756190912,7.999999963002665,4.999999878095456,15.999999939473698,30.99999990332831,10.000000015172256,501.9999980208866,0.0,0.0,25.99999993862176,6.999999939473699,644.999997788842
서울,28,2,25,1,15,6,25,25,5,830,6,60,54,10,1092,28.0,2.0,25.0,1.0,15.0,6.0,25.0,25.0,5.0,830.0,6.0,60.0,54.0,10.0,1092.0
부산,19,0,33,1,7,0,13,26,7,426,0,0,24,4,560,19.0,0.0,33.0,1.0,7.0,0.0,13.0,26.0,7.0,426.0,0.0,0.0,24.0,4.0,560.0
대구,3,0,39,1,6,0,14,28,14,416,0,0,23,5,549,3.0000003198563188,0.0,39.000000191555806,1.000000102612399,5.999999999835013,2.198837121118896e-07,13.999999912211502,27.99999975112843,13.999999751953368,415.99999925074553,0.0,0.0,22.999999955858268,4.999999926870417,548.9999993825107
대전,9,0,58,8,5,15,9,13,4,355,0,0,19,1,496,8.999999693985199,0.0,57.99999869796518,7.999999693435452,4.99999998036866,14.999999386321157,8.999999922024385,13.000000048608381,4.000000247670526,354.99999660274966,0.0,0.0,18.999999840750288,1.00000008292334,495.99999419680216
인천,0,0,13,0,3,0,0,0,6,124,0,0,7,1,154,0.0,0.0,13.0,0.0,3.0,0.0,0.0,0.0,6.0,124.0,0.0,0.0,7.0,1.0,154.0
